15214,4442,"2011-05-26 08:06:31","2011-05-26 09:36:31",54,2011-05-26,primary,register_jobs
4003,469,"2006-03-12 22:27:23","2006-03-12 23:57:23",78,2006-03-12,,register_jobs
14305,9691,"2012-02-12 10:13:13","2012-02-12 11:43:13",67,2012-02-12,,inspection
17023,8244,"2013-09-15 02:07:04","2013-09-15 03:37:04",138,2013-09-15,primary,register_jobs
14110,9642,"2006-03-23 11:47:56","2006-03-23 13:17:56",137,2006-03-23,,register_jobs
16965,4172,"2014-10-03 08:14:18","2014-10-03 09:44:18",41,2014-10-03,,inspection
7515,15046,"2006-02-22 17:03:44","2006-02-22 18:33:44",64,2006-02-22,secondary,inspection
8134,11917,"2010-07-15 12:56:52","2010-07-15 14:26:52",24,2010-07-15,secondary,inspection
9599,11898,"2014-12-15 07:39:58","2014-12-15 09:09:58",68,2014-12-15,,register_jobs
7510,15957,"2007-12-03 09:55:34","2007-12-03 11:25:34",181,2007-12-03,,register_jobs
16108,2810,"2005-07-19 14:38:02","2005-07-19 16:08:02",85,2005-07-19,,register_jobs
5004,12894,"2016-02-29 12:35:52","2016-02-29 14:05:52",166,2016-02-29,primary,register_jobs
1991,15699,"2010-09-08 15:42:47","2010-09-08 17:12:47",53,2010-09-08,,inspection
864,865,"2013-10-24 15:39:53","2013-10-24 17:09:53",90,2013-10-24,,register_jobs
12197,11496,"2009-03-06 20:43:16","2009-03-06 22:13:16",69,2009-03-06,primary,inspection
12725,10179,"2009-02-27 05:37:39","2009-02-27 07:07:39",125,2009-02-27,,inspection
2243,14446,"2014-05-06 03:36:00","2014-05-06 05:06:00",109,2014-05-06,secondary,register_jobs
8270,6647,"2015-01-28 13:04:58","2015-01-28 14:34:58",155,2015-01-28,primary,register_jobs
8123,8878,"2006-06-11 00:13:35","2006-06-11 01:43:35",69,2006-06-11,secondary,inspection
5992,8293,"2009-07-04 12:09:06","2009-07-04 13:39:06",34,2009-07-04,primary,inspection
1937,12026,"2011-10-27 18:30:06","2011-10-27 20:00:06",50,2011-10-27,primary,inspection
9394,15018,"2011-12-07 19:50:09","2011-12-07 21:20:09",91,2011-12-07,,inspection
16365,1532,"2011-11-16 14:44:12","2011-11-16 16:14:12",208,2011-11-16,primary,inspection
16183,2393,"2008-05-18 00:27:39","2008-05-18 01:57:39",180,2008-05-18,,inspection
12703,5009,"2010-06-11 16:19:23","2010-06-11 17:49:23",205,2010-06-11,secondary,inspection
8208,17181,"2014-06-09 13:44:12","2014-06-09 15:14:12",103,2014-06-09,primary,inspection
5440,1123,"2005-03-09 18:33:02","2005-03-09 20:03:02",201,2005-03-09,secondary,register_jobs
6904,19089,"2010-09-23 12:22:58","2010-09-23 13:52:58",140,2010-09-23,primary,inspection
13387,10953,"2007-05-21 09:21:12","2007-05-21 10:51:12",94,2007-05-21,primary,inspection
3116,9361,"2007-12-10 18:51:49","2007-12-10 20:21:49",131,2007-12-10,,register_jobs
16818,12750,"2008-12-23 00:13:08","2008-12-23 01:43:08",79,2008-12-23,primary,register_jobs
10718,10337,"2015-01-06 14:44:06","2015-01-06 16:14:06",205,2015-01-06,primary,register_jobs
2635,11049,"2003-04-09 00:43:21","2003-04-09 02:13:21",,2003-04-09,secondary,inspection
2306,12381,"2011-07-08 07:05:53","2011-07-08 08:35:53",54,2011-07-08,primary,register_jobs
15889,7043,"2015-06-29 15:30:11","2015-06-29 17:00:11",87,2015-06-29,primary,register_jobs
16849,7786,"2011-03-01 10:05:59","2011-03-01 11:35:59",64,2011-03-01,,inspection
4417,7675,"2009-09-29 13:26:25","2009-09-29 14:56:25",16,2009-09-29,,inspection
3994,20325,"2005-11-08 06:36:16","2005-11-08 08:06:16",163,2005-11-08,,inspection
14897,16054,"2011-09-01 18:37:51","2011-09-01 20:07:51",66,2011-09-01,,register_jobs
16893,5303,"2009-05-20 14:25:29","2009-05-20 15:55:29",176,2009-05-20,primary,inspection
17015,13704,"2006-02-27 02:46:22","2006-02-27 04:16:22",131,2006-02-27,,register_jobs
13248,4435,"2008-04-11 17:22:29","2008-04-11 18:52:29",163,2008-04-11,secondary,register_jobs
17065,11246,"2011-09-22 16:36:16","2011-09-22 18:06:16",140,2011-09-22,secondary,inspection
7395,11546,"2008-06-13 06:34:25","2008-06-13 08:04:25",63,2008-06-13,primary,inspection
3261,11001,"2011-02-21 04:50:01","2011-02-21 06:20:01",184,2011-02-21,secondary,inspection
4171,16360,"2011-03-19 23:59:42","2011-03-20 01:29:42",75,2011-03-19,secondary,register_jobs
4287,15567,"2007-05-23 16:43:34","2007-05-23 18:13:34",121,2007-05-23,secondary,inspection
11380,10672,"2015-04-17 06:28:28","2015-04-17 07:58:28",106,2015-04-17,,register_jobs
12454,12580,"2006-02-26 15:07:41","2006-02-26 16:37:41",177,2006-02-26,secondary,register_jobs
10188,9123,"2008-06-19 10:56:50","2008-06-19 12:26:50",205,2008-06-19,primary,register_jobs
1324,11767,"2014-05-08 13:17:52","2014-05-08 14:47:52",151,2014-05-08,primary,register_jobs
12426,11808,"2013-07-10 17:17:13","2013-07-10 18:47:13",130,2013-07-10,,inspection
3470,3768,"2005-03-28 22:35:29","2005-03-29 00:05:29",150,2005-03-28,primary,register_jobs
15665,3064,"2015-09-09 13:27:23","2015-09-09 14:57:23",127,2015-09-09,secondary,register_jobs
2618,12254,"2014-11-23 18:20:09","2014-11-23 19:50:09",77,2014-11-23,,register_jobs
16318,1329,"2012-10-04 07:21:47","2012-10-04 08:51:47",75,2012-10-04,primary,register_jobs
8050,2192,"2012-07-16 12:45:41","2012-07-16 14:15:41",72,2012-07-16,,register_jobs
4165,9782,"2014-07-10 16:52:29","2014-07-10 18:22:29",24,2014-07-10,secondary,register_jobs
15130,20232,"2009-07-26 19:27:42","2009-07-26 20:57:42",137,2009-07-26,primary,inspection
6543,15251,"2012-04-26 00:31:37","2012-04-26 02:01:37",75,2012-04-26,secondary,inspection
7771,14935,"2007-09-07 01:05:03","2007-09-07 02:35:03",90,2007-09-07,secondary,register_jobs
8460,15729,"2014-01-08 09:59:24","2014-01-08 11:29:24",197,2014-01-08,secondary,inspection
11414,815,"2006-05-09 01:19:33","2006-05-09 02:49:33",155,2006-05-09,primary,inspection
3571,14892,"2014-04-15 16:06:51","2014-04-15 17:36:51",181,2014-04-15,secondary,register_jobs
9202,10938,"2010-02-03 00:10:14","2010-02-03 01:40:14",75,2010-02-03,secondary,register_jobs
3618,12191,"2005-06-23 15:56:18","2005-06-23 17:26:18",206,2005-06-23,primary,register_jobs
7804,15143,"2007-11-14 01:11:55","2007-11-14 02:41:55",54,2007-11-14,,inspection
10777,3591,"2003-06-29 06:42:25","2003-06-29 08:12:25",38,2003-06-29,,inspection
3643,19753,"2003-02-03 07:11:29","2003-02-03 08:41:29",167,2003-02-03,,inspection
10065,5606,"2016-03-06 03:12:11","2016-03-06 04:42:11",119,2016-03-06,secondary,register_jobs
1777,5016,"2012-12-07 08:05:32","2012-12-07 09:35:32",80,2012-12-07,,inspection
7420,4511,"2012-05-20 09:28:51","2012-05-20 10:58:51",107,2012-05-20,primary,inspection
11202,3041,"2003-07-01 16:02:12","2003-07-01 17:32:12",56,2003-07-01,secondary,register_jobs
12607,12122,"2003-06-13 01:08:03","2003-06-13 02:38:03",16,2003-06-13,primary,inspection
8796,3486,"2013-08-27 21:51:56","2013-08-27 23:21:56",34,2013-08-27,secondary,register_jobs
13499,1862,"2004-12-10 04:08:58","2004-12-10 05:38:58",85,2004-12-10,,register_jobs
14669,9848,"2005-08-27 00:32:24","2005-08-27 02:02:24",91,2005-08-27,,register_jobs
6784,12998,"2015-11-25 16:52:15","2015-11-25 18:22:15",42,2015-11-25,primary,register_jobs
10774,939,"2010-05-09 18:33:03","2010-05-09 20:03:03",50,2010-05-09,primary,inspection
7856,19003,"2013-05-31 17:02:38","2013-05-31 18:32:38",199,2013-05-31,primary,inspection
11427,14150,"2015-11-25 11:32:57","2015-11-25 13:02:57",28,2015-11-25,,inspection
4414,12833,"2005-01-08 14:20:10","2005-01-08 15:50:10",138,2005-01-08,primary,inspection
10996,6578,"2012-03-04 06:45:40","2012-03-04 08:15:40",79,2012-03-04,secondary,inspection
5234,9149,"2012-05-21 03:03:20","2012-05-21 04:33:20",159,2012-05-21,primary,register_jobs
4331,9418,"2006-08-01 21:14:23","2006-08-01 22:44:23",63,2006-08-01,,inspection
2785,11164,"2006-02-20 23:15:02","2006-02-21 00:45:02",206,2006-02-20,,inspection
6328,14876,"2013-09-16 08:24:35","2013-09-16 09:54:35",102,2013-09-16,secondary,register_jobs
11798,20241,"2008-08-21 12:32:47","2008-08-21 14:02:47",155,2008-08-21,secondary,inspection
12793,18052,"2010-11-28 15:43:05","2010-11-28 17:13:05",23,2010-11-28,primary,register_jobs
13140,11434,"2004-03-02 23:15:55","2004-03-03 00:45:55",121,2004-03-02,secondary,inspection
4544,15907,"2009-05-19 20:10:39","2009-05-19 21:40:39",23,2009-05-19,,register_jobs
17945,6789,"2011-01-04 02:10:00","2011-01-04 03:40:00",81,2011-01-04,primary,register_jobs
15559,17473,"2013-04-13 14:45:41","2013-04-13 16:15:41",166,2013-04-13,primary,inspection
4297,12341,"2009-03-12 17:35:33","2009-03-12 19:05:33",91,2009-03-12,,register_jobs
6446,15448,"2013-06-24 05:49:15","2013-06-24 07:19:15",80,2013-06-24,secondary,inspection
6873,10,"2004-01-20 18:58:54","2004-01-20 20:28:54",196,2004-01-20,primary,register_jobs
18523,3623,"2015-02-23 13:23:45","2015-02-23 14:53:45",61,2015-02-23,primary,inspection
3232,9886,"2009-10-15 09:22:31","2009-10-15 10:52:31",93,2009-10-15,secondary,register_jobs
7265,6017,"2007-08-31 10:51:57","2007-08-31 12:21:57",207,2007-08-31,secondary,inspection
10726,16341,"2003-10-03 09:54:50","2003-10-03 11:24:50",183,2003-10-03,secondary,inspection
1158,1810,"2011-08-16 18:16:17","2011-08-16 19:46:17",140,2011-08-16,secondary,register_jobs
15182,9461,"2014-01-13 11:00:45","2014-01-13 12:30:45",224,2014-01-13,,inspection
10922,18301,"2011-02-18 23:34:35","2011-02-19 01:04:35",41,2011-02-18,,inspection
7255,5257,"2005-06-27 15:05:53","2005-06-27 16:35:53",105,2005-06-27,primary,register_jobs
7829,12292,"2003-02-03 08:06:49","2003-02-03 09:36:49",183,2003-02-03,,inspection
16329,11612,"2010-11-04 07:31:03","2010-11-04 09:01:03",143,2010-11-04,primary,inspection
7672,7600,"2004-10-31 15:03:17","2004-10-31 16:33:17",127,2004-10-31,primary,register_jobs
867,764,"2008-08-24 13:37:12","2008-08-24 15:07:12",85,2008-08-24,,register_jobs
5831,8984,"2006-07-14 16:59:05","2006-07-14 18:29:05",114,2006-07-14,secondary,inspection
13984,4021,"2010-05-27 12:46:36","2010-05-27 14:16:36",53,2010-05-27,primary,register_jobs
4759,7961,"2012-11-10 15:08:56","2012-11-10 16:38:56",75,2012-11-10,secondary,inspection
1399,7201,"2014-03-15 20:10:58","2014-03-15 21:40:58",56,2014-03-15,primary,inspection
1822,14390,"2011-09-01 22:33:07","2011-09-02 00:03:07",149,2011-09-01,primary,inspection
12949,3130,"2012-12-22 12:03:35","2012-12-22 13:33:35",54,2012-12-22,,inspection
14173,13316,"2015-11-22 01:42:26","2015-11-22 03:12:26",50,2015-11-22,secondary,register_jobs
12812,10988,"2011-04-04 14:56:55","2011-04-04 16:26:55",224,2011-04-04,,register_jobs
15619,9769,"2015-07-31 05:29:28","2015-07-31 06:59:28",68,2015-07-31,,register_jobs
13261,3628,"2003-05-14 19:21:39","2003-05-14 20:51:39",166,2003-05-14,primary,inspection
3811,6970,"2011-04-01 18:35:19","2011-04-01 20:05:19",161,2011-04-01,primary,inspection
6462,7248,"2011-11-08 10:38:01","2011-11-08 12:08:01",78,2011-11-08,primary,register_jobs
2681,357,"2011-11-15 01:38:26","2011-11-15 03:08:26",58,2011-11-15,,register_jobs
1782,17515,"2011-09-28 04:07:10","2011-09-28 05:37:10",46,2011-09-28,primary,register_jobs
7220,14267,"2006-04-08 06:36:02","2006-04-08 08:06:02",90,2006-04-08,,register_jobs
13810,7017,"2003-05-26 12:40:34","2003-05-26 14:10:34",80,2003-05-26,primary,inspection
4103,389,"2015-03-27 18:05:18","2015-03-27 19:35:18",65,2015-03-27,primary,inspection
4368,12179,"2010-09-01 20:17:12","2010-09-01 21:47:12",127,2010-09-01,primary,inspection
2139,14979,"2011-07-17 09:41:57","2011-07-17 11:11:57",123,2011-07-17,,register_jobs
8657,10056,"2010-07-30 16:06:55","2010-07-30 17:36:55",72,2010-07-30,secondary,inspection
16040,8436,"2009-03-18 06:35:10","2009-03-18 08:05:10",174,2009-03-18,,inspection
3958,2753,"2009-07-09 19:26:23","2009-07-09 20:56:23",109,2009-07-09,primary,inspection
1219,16403,"2003-03-13 05:57:04","2003-03-13 07:27:04",137,2003-03-13,primary,register_jobs
5332,7394,"2007-09-13 07:29:55","2007-09-13 08:59:55",46,2007-09-13,secondary,inspection
7643,454,"2006-05-24 23:56:16","2006-05-25 01:26:16",159,2006-05-24,secondary,inspection
3760,15217,"2008-03-07 07:59:38","2008-03-07 09:29:38",174,2008-03-07,secondary,register_jobs
8722,4886,"2012-08-03 03:01:09","2012-08-03 04:31:09",180,2012-08-03,secondary,inspection
17679,13739,"2009-07-20 23:06:21","2009-07-21 00:36:21",78,2009-07-20,primary,register_jobs
17102,11623,"2011-05-15 16:52:53","2011-05-15 18:22:53",208,2011-05-15,,register_jobs
6915,15439,"2010-04-14 03:23:50","2010-04-14 04:53:50",124,2010-04-14,,inspection
9284,13269,"2009-02-19 13:07:02","2009-02-19 14:37:02",63,2009-02-19,,inspection
942,2581,"2007-02-04 02:17:09","2007-02-04 03:47:09",120,2007-02-04,secondary,register_jobs
6672,1333,"2005-12-27 23:33:42","2005-12-28 01:03:42",198,2005-12-27,secondary,inspection
6357,12633,"2006-05-25 10:59:22","2006-05-25 12:29:22",180,2006-05-25,,inspection
15273,2154,"2006-04-29 07:31:14","2006-04-29 09:01:14",29,2006-04-29,primary,register_jobs
15771,13551,"2010-07-07 04:47:49","2010-07-07 06:17:49",62,2010-07-07,,inspection
8470,20141,"2014-11-17 16:37:32","2014-11-17 18:07:32",,2014-11-17,secondary,inspection
4515,3847,"2004-02-02 08:31:27","2004-02-02 10:01:27",48,2004-02-02,,inspection
7720,4086,"2013-11-26 17:01:45","2013-11-26 18:31:45",102,2013-11-26,,register_jobs
9210,7358,"2005-09-20 08:31:30","2005-09-20 10:01:30",69,2005-09-20,primary,inspection
2715,12879,"2009-09-01 05:59:50","2009-09-01 07:29:50",55,2009-09-01,primary,inspection
5140,5062,"2005-05-25 06:52:29","2005-05-25 08:22:29",51,2005-05-25,,register_jobs
6564,9135,"2003-03-06 05:53:37","2003-03-06 07:23:37",55,2003-03-06,primary,inspection
5961,19217,"2003-11-21 04:22:03","2003-11-21 05:52:03",64,2003-11-21,secondary,register_jobs
17082,13923,"2013-02-10 04:54:55","2013-02-10 06:24:55",43,2013-02-10,,register_jobs
13863,7830,"2014-10-12 18:17:00","2014-10-12 19:47:00",120,2014-10-12,secondary,inspection
3330,18515,"2007-07-02 21:38:50","2007-07-02 23:08:50",125,2007-07-02,,register_jobs
6519,11272,"2013-10-02 04:02:44","2013-10-02 05:32:44",63,2013-10-02,primary,register_jobs
10915,7141,"2014-02-23 13:42:27","2014-02-23 15:12:27",178,2014-02-23,secondary,register_jobs
11274,1464,"2003-09-13 04:23:37","2003-09-13 05:53:37",166,2003-09-13,secondary,register_jobs
11244,2279,"2003-06-06 00:19:26","2003-06-06 01:49:26",88,2003-06-06,,register_jobs
9271,4346,"2004-10-18 01:54:23","2004-10-18 03:24:23",43,2004-10-18,,inspection
15745,16404,"2007-07-24 21:55:40","2007-07-24 23:25:40",194,2007-07-24,,register_jobs
17179,18471,"2015-08-12 08:44:09","2015-08-12 10:14:09",68,2015-08-12,secondary,inspection
15229,9128,"2008-03-07 22:03:11","2008-03-07 23:33:11",102,2008-03-07,primary,register_jobs
11904,14998,"2013-07-02 00:01:34","2013-07-02 01:31:34",188,2013-07-02,,inspection
4154,8886,"2015-09-17 21:41:01","2015-09-17 23:11:01",50,2015-09-17,,inspection
11860,8067,"2012-03-26 18:17:14","2012-03-26 19:47:14",122,2012-03-26,primary,inspection
9443,9959,"2015-06-20 11:03:17","2015-06-20 12:33:17",196,2015-06-20,secondary,register_jobs
3978,3093,"2012-11-12 06:51:38","2012-11-12 08:21:38",54,2012-11-12,primary,inspection
8200,8489,"2007-09-07 06:19:45","2007-09-07 07:49:45",46,2007-09-07,,register_jobs
5588,12870,"2003-11-23 19:06:32","2003-11-23 20:36:32",108,2003-11-23,primary,inspection
3176,12109,"2016-04-10 20:56:09","2016-04-10 22:26:09",83,2016-04-10,secondary,register_jobs
11518,13085,"2014-12-20 02:56:17","2014-12-20 04:26:17",85,2014-12-20,primary,register_jobs
5713,12673,"2011-12-27 00:26:23","2011-12-27 01:56:23",176,2011-12-27,primary,register_jobs
14741,13852,"2010-07-20 21:44:23","2010-07-20 23:14:23",207,2010-07-20,secondary,register_jobs
1131,6532,"2008-11-02 23:22:01","2008-11-03 00:52:01",40,2008-11-02,primary,inspection
9612,16893,"2003-10-10 08:02:05","2003-10-10 09:32:05",143,2003-10-10,secondary,inspection
14360,4244,"2014-02-06 12:38:51","2014-02-06 14:08:51",109,2014-02-06,,inspection
15421,589,"2015-11-12 10:30:12","2015-11-12 12:00:12",131,2015-11-12,secondary,register_jobs
5024,6666,"2014-12-02 15:55:02","2014-12-02 17:25:02",131,2014-12-02,,register_jobs
11992,5953,"2011-07-13 07:08:55","2011-07-13 08:38:55",201,2011-07-13,secondary,inspection
14591,6669,"2012-04-16 21:13:32","2012-04-16 22:43:32",126,2012-04-16,primary,register_jobs
6236,189,"2005-02-23 00:07:53","2005-02-23 01:37:53",80,2005-02-23,secondary,register_jobs
14189,1244,"2004-06-24 04:08:08","2004-06-24 05:38:08",47,2004-06-24,primary,inspection
5924,18444,"2011-06-18 07:25:32","2011-06-18 08:55:32",205,2011-06-18,secondary,register_jobs
10166,16205,"2005-12-05 06:58:48","2005-12-05 08:28:48",109,2005-12-05,primary,inspection
4207,8547,"2007-02-11 06:45:32","2007-02-11 08:15:32",137,2007-02-11,secondary,inspection
16696,4246,"2014-02-23 05:38:25","2014-02-23 07:08:25",182,2014-02-23,,register_jobs
8034,15519,"2003-08-01 13:49:46","2003-08-01 15:19:46",41,2003-08-01,primary,register_jobs
4206,10251,"2014-01-30 19:14:01","2014-01-30 20:44:01",175,2014-01-30,,register_jobs
7143,18167,"2016-04-14 13:29:37","2016-04-14 14:59:37",181,2016-04-14,secondary,register_jobs
4004,12748,"2008-12-12 11:11:46","2008-12-12 12:41:46",183,2008-12-12,secondary,register_jobs
11850,7761,"2012-12-12 05:12:45","2012-12-12 06:42:45",205,2012-12-12,primary,inspection
10053,2165,"2015-12-25 03:13:54","2015-12-25 04:43:54",171,2015-12-25,primary,inspection
8956,16241,"2016-04-03 04:37:15","2016-04-03 06:07:15",108,2016-04-03,,inspection
5691,7619,"2015-02-26 09:54:53","2015-02-26 11:24:53",186,2015-02-26,,register_jobs
10668,8775,"2007-05-05 23:31:24","2007-05-06 01:01:24",207,2007-05-05,primary,register_jobs
3984,16801,"2008-05-21 06:23:05","2008-05-21 07:53:05",166,2008-05-21,,register_jobs
2726,17405,"2009-01-13 13:47:35","2009-01-13 15:17:35",121,2009-01-13,secondary,inspection
15965,655,"2005-09-25 04:41:10","2005-09-25 06:11:10",28,2005-09-25,primary,register_jobs
6210,11885,"2003-09-14 06:13:03","2003-09-14 07:43:03",91,2003-09-14,,inspection
9578,6455,"2011-09-25 23:13:37","2011-09-26 00:43:37",39,2011-09-25,primary,inspection
15916,17467,"2007-03-01 14:09:50","2007-03-01 15:39:50",55,2007-03-01,secondary,register_jobs
2903,3620,"2010-08-03 13:19:35","2010-08-03 14:49:35",106,2010-08-03,secondary,register_jobs
15696,18227,"2003-08-07 14:24:42","2003-08-07 15:54:42",38,2003-08-07,secondary,register_jobs
18008,13140,"2008-03-22 15:13:14","2008-03-22 16:43:14",209,2008-03-22,primary,inspection
1891,7749,"2012-07-10 20:32:52","2012-07-10 22:02:52",16,2012-07-10,,inspection
8625,14492,"2013-01-22 10:35:34","2013-01-22 12:05:34",145,2013-01-22,primary,register_jobs
4622,10911,"2012-09-27 13:40:09","2012-09-27 15:10:09",192,2012-09-27,secondary,register_jobs
13588,2089,"2015-11-06 02:05:44","2015-11-06 03:35:44",198,2015-11-06,secondary,register_jobs
4675,306,"2006-11-02 08:58:31","2006-11-02 10:28:31",206,2006-11-02,,register_jobs
16492,9821,"2013-11-27 16:11:13","2013-11-27 17:41:13",54,2013-11-27,secondary,inspection
12783,1780,"2003-08-24 14:55:32","2003-08-24 16:25:32",174,2003-08-24,primary,inspection
2767,17956,"2005-11-26 08:40:42","2005-11-26 10:10:42",163,2005-11-26,,inspection
17470,8443,"2015-12-20 05:06:35","2015-12-20 06:36:35",34,2015-12-20,secondary,register_jobs
4246,9390,"2004-04-16 17:20:52","2004-04-16 18:50:52",43,2004-04-16,,inspection
17364,11878,"2010-01-25 14:03:06","2010-01-25 15:33:06",15,2010-01-25,,inspection
4607,5257,"2011-06-12 11:46:34","2011-06-12 13:16:34",153,2011-06-12,,inspection
4907,14398,"2008-11-01 01:35:58","2008-11-01 03:05:58",85,2008-11-01,secondary,inspection
17178,14309,"2003-06-30 10:38:16","2003-06-30 12:08:16",97,2003-06-30,,inspection
3201,16141,"2011-12-23 16:14:55","2011-12-23 17:44:55",46,2011-12-23,,register_jobs
14094,19061,"2013-08-17 14:04:19","2013-08-17 15:34:19",87,2013-08-17,secondary,register_jobs
8213,7813,"2015-07-06 21:01:57","2015-07-06 22:31:57",54,2015-07-06,,register_jobs
10738,12368,"2013-12-03 07:59:38","2013-12-03 09:29:38",123,2013-12-03,secondary,inspection
418,11842,"2007-05-03 13:23:17","2007-05-03 14:53:17",34,2007-05-03,primary,inspection
2852,14894,"2012-07-01 10:44:50","2012-07-01 12:14:50",123,2012-07-01,,register_jobs
1694,15425,"2010-07-06 03:01:41","2010-07-06 04:31:41",121,2010-07-06,primary,inspection
7484,590,"2012-05-08 12:49:31","2012-05-08 14:19:31",38,2012-05-08,primary,register_jobs
7704,14514,"2009-03-16 19:27:03","2009-03-16 20:57:03",40,2009-03-16,secondary,inspection
5855,13983,"2012-07-11 00:37:12","2012-07-11 02:07:12",72,2012-07-11,primary,register_jobs
2081,5894,"2015-08-02 12:02:00","2015-08-02 13:32:00",153,2015-08-02,primary,inspection
4250,11615,"2012-11-19 02:12:54","2012-11-19 03:42:54",121,2012-11-19,secondary,register_jobs
8540,8671,"2004-12-19 20:23:52","2004-12-19 21:53:52",53,2004-12-19,primary,inspection
18548,8268,"2007-08-17 09:30:20","2007-08-17 11:00:20",41,2007-08-17,,register_jobs
14464,12792,"2013-11-12 15:00:51","2013-11-12 16:30:51",120,2013-11-12,,register_jobs
1876,1863,"2012-04-30 21:21:44","2012-04-30 22:51:44",209,2012-04-30,secondary,inspection
9775,17335,"2009-11-28 16:32:14","2009-11-28 18:02:14",41,2009-11-28,,inspection
4639,2562,"2004-10-11 22:00:53","2004-10-11 23:30:53",121,2004-10-11,primary,inspection
13478,12396,"2010-04-05 06:43:32","2010-04-05 08:13:32",199,2010-04-05,secondary,inspection
12098,10456,"2006-12-28 08:22:00","2006-12-28 09:52:00",205,2006-12-28,,inspection
16060,13490,"2015-10-17 05:21:02","2015-10-17 06:51:02",24,2015-10-17,secondary,register_jobs
7838,20260,"2013-02-05 20:54:44","2013-02-05 22:24:44",145,2013-02-05,primary,register_jobs
11795,5996,"2007-05-28 15:54:05","2007-05-28 17:24:05",97,2007-05-28,,inspection
13400,8939,"2004-01-02 08:15:06","2004-01-02 09:45:06",150,2004-01-02,secondary,register_jobs
17542,17846,"2008-07-23 10:59:51","2008-07-23 12:29:51",198,2008-07-23,secondary,register_jobs
15970,839,"2010-07-15 21:52:13","2010-07-15 23:22:13",64,2010-07-15,secondary,inspection
12714,7064,"2012-09-20 10:39:29","2012-09-20 12:09:29",154,2012-09-20,primary,inspection
12770,9979,"2013-08-02 09:46:09","2013-08-02 11:16:09",39,2013-08-02,,inspection
4621,8858,"2013-04-08 15:47:49","2013-04-08 17:17:49",56,2013-04-08,secondary,register_jobs
6686,2008,"2009-05-29 05:10:09","2009-05-29 06:40:09",91,2009-05-29,,register_jobs
15128,17474,"2010-06-19 03:37:12","2010-06-19 05:07:12",130,2010-06-19,,inspection
14968,11234,"2010-01-23 17:35:58","2010-01-23 19:05:58",184,2010-01-23,primary,inspection
6964,12549,"2012-06-22 16:07:37","2012-06-22 17:37:37",56,2012-06-22,primary,inspection
4547,29,"2014-10-27 09:23:52","2014-10-27 10:53:52",73,2014-10-27,primary,inspection
16058,5566,"2008-08-28 18:47:18","2008-08-28 20:17:18",114,2008-08-28,,inspection
15788,8093,"2010-03-11 20:20:16","2010-03-11 21:50:16",102,2010-03-11,primary,register_jobs
1123,6793,"2007-04-17 06:37:41","2007-04-17 08:07:41",187,2007-04-17,secondary,inspection
11014,5033,"2013-11-16 19:51:40","2013-11-16 21:21:40",100,2013-11-16,secondary,inspection
12552,17083,"2006-02-26 20:05:41","2006-02-26 21:35:41",61,2006-02-26,,register_jobs
8257,4488,"2005-02-28 09:05:39","2005-02-28 10:35:39",93,2005-02-28,secondary,inspection
9207,8839,"2015-11-22 17:58:04","2015-11-22 19:28:04",79,2015-11-22,secondary,inspection
5563,17680,"2014-03-17 17:57:54","2014-03-17 19:27:54",50,2014-03-17,,inspection
17258,8636,"2003-08-15 21:59:25","2003-08-15 23:29:25",67,2003-08-15,primary,register_jobs
12212,17242,"2015-11-16 03:22:17","2015-11-16 04:52:17",184,2015-11-16,secondary,inspection
2051,7247,"2005-06-04 18:55:53","2005-06-04 20:25:53",88,2005-06-04,primary,register_jobs
8845,15078,"2015-07-13 17:17:42","2015-07-13 18:47:42",81,2015-07-13,secondary,inspection
12160,185,"2006-10-04 03:52:57","2006-10-04 05:22:57",58,2006-10-04,secondary,register_jobs
15672,3223,"2003-06-08 13:04:09","2003-06-08 14:34:09",100,2003-06-08,,inspection
3086,5174,"2011-11-04 03:49:49","2011-11-04 05:19:49",124,2011-11-04,secondary,register_jobs
3936,4580,"2009-06-15 08:31:50","2009-06-15 10:01:50",178,2009-06-15,primary,inspection
9762,4005,"2004-09-03 18:03:40","2004-09-03 19:33:40",194,2004-09-03,secondary,register_jobs
3843,13270,"2011-08-02 07:22:31","2011-08-02 08:52:31",140,2011-08-02,primary,inspection
8094,8125,"2013-12-08 03:49:43","2013-12-08 05:19:43",206,2013-12-08,secondary,inspection
9978,13324,"2010-03-17 16:44:44","2010-03-17 18:14:44",171,2010-03-17,,inspection
10929,16412,"2015-07-05 00:40:11","2015-07-05 02:10:11",50,2015-07-05,primary,register_jobs
10221,18250,"2014-10-14 13:21:14","2014-10-14 14:51:14",38,2014-10-14,primary,inspection
2628,604,"2004-03-10 16:39:43","2004-03-10 18:09:43",166,2004-03-10,secondary,register_jobs
10777,16046,"2006-09-15 04:58:39","2006-09-15 06:28:39",143,2006-09-15,primary,inspection
2396,5197,"2005-11-17 04:56:29","2005-11-17 06:26:29",192,2005-11-17,secondary,register_jobs
14746,17965,"2010-09-11 07:33:26","2010-09-11 09:03:26",94,2010-09-11,secondary,register_jobs
15562,17467,"2014-09-05 12:19:34","2014-09-05 13:49:34",181,2014-09-05,secondary,register_jobs
1440,9908,"2012-04-05 19:29:59","2012-04-05 20:59:59",154,2012-04-05,secondary,register_jobs
2270,15855,"2004-12-05 03:33:47","2004-12-05 05:03:47",209,2004-12-05,secondary,register_jobs
17098,9668,"2012-04-08 12:49:29","2012-04-08 14:19:29",199,2012-04-08,secondary,register_jobs
8447,3689,"2006-12-15 10:48:11","2006-12-15 12:18:11",62,2006-12-15,secondary,register_jobs
13746,540,"2011-03-02 02:07:50","2011-03-02 03:37:50",119,2011-03-02,primary,inspection
5976,219,"2015-03-01 06:34:26","2015-03-01 08:04:26",88,2015-03-01,,inspection
3761,17139,"2011-08-14 12:08:04","2011-08-14 13:38:04",105,2011-08-14,,inspection
15285,12216,"2014-06-02 06:23:41","2014-06-02 07:53:41",76,2014-06-02,secondary,register_jobs
2439,17581,"2012-01-26 03:34:46","2012-01-26 05:04:46",182,2012-01-26,primary,inspection
16873,11384,"2003-02-14 05:17:30","2003-02-14 06:47:30",23,2003-02-14,primary,register_jobs
7747,9666,"2003-02-16 12:57:44","2003-02-16 14:27:44",16,2003-02-16,secondary,register_jobs
8557,13041,"2014-02-14 04:14:12","2014-02-14 05:44:12",156,2014-02-14,secondary,inspection
14215,13227,"2008-02-26 13:17:42","2008-02-26 14:47:42",,2008-02-26,,register_jobs
14436,11351,"2009-06-25 11:06:46","2009-06-25 12:36:46",90,2009-06-25,primary,inspection
12117,16404,"2005-12-22 18:50:49","2005-12-22 20:20:49",174,2005-12-22,secondary,register_jobs
12853,14443,"2015-11-08 22:51:47","2015-11-09 00:21:47",94,2015-11-08,secondary,inspection
10486,29,"2015-06-10 23:41:35","2015-06-11 01:11:35",130,2015-06-10,,inspection
12556,13958,"2008-09-01 19:47:08","2008-09-01 21:17:08",41,2008-09-01,secondary,inspection
3985,12570,"2010-09-03 02:02:48","2010-09-03 03:32:48",48,2010-09-03,primary,register_jobs
14766,18150,"2003-09-10 23:28:28","2003-09-11 00:58:28",194,2003-09-10,primary,inspection
10756,7630,"2006-06-02 18:31:12","2006-06-02 20:01:12",,2006-06-02,,register_jobs
16937,12929,"2010-05-18 21:15:44","2010-05-18 22:45:44",122,2010-05-18,primary,inspection
17838,12813,"2009-06-21 02:29:03","2009-06-21 03:59:03",56,2009-06-21,,register_jobs
12160,10738,"2003-07-30 16:34:05","2003-07-30 18:04:05",148,2003-07-30,secondary,register_jobs
15446,18024,"2015-12-23 03:26:57","2015-12-23 04:56:57",198,2015-12-23,secondary,inspection
1354,3275,"2010-11-02 21:23:25","2010-11-02 22:53:25",205,2010-11-02,,register_jobs
10914,2866,"2003-08-29 06:24:43","2003-08-29 07:54:43",151,2003-08-29,,inspection
11629,13076,"2011-12-11 14:50:09","2011-12-11 16:20:09",75,2011-12-11,secondary,inspection
15765,8800,"2011-12-22 04:50:44","2011-12-22 06:20:44",56,2011-12-22,primary,register_jobs
10080,2251,"2007-06-17 02:15:53","2007-06-17 03:45:53",67,2007-06-17,primary,inspection
1941,17234,"2014-04-21 07:43:40","2014-04-21 09:13:40",224,2014-04-21,,inspection
2020,10793,"2005-03-11 07:36:22","2005-03-11 09:06:22",68,2005-03-11,secondary,inspection
8562,6679,"2015-12-06 02:20:47","2015-12-06 03:50:47",139,2015-12-06,secondary,register_jobs
8579,804,"2008-04-28 01:52:19","2008-04-28 03:22:19",178,2008-04-28,primary,inspection
18560,3273,"2003-10-24 13:50:16","2003-10-24 15:20:16",50,2003-10-24,,inspection
3033,13392,"2003-06-21 12:18:56","2003-06-21 13:48:56",199,2003-06-21,,inspection
5839,14894,"2014-10-07 11:56:55","2014-10-07 13:26:55",91,2014-10-07,primary,inspection
10260,58,"2004-05-11 19:29:03","2004-05-11 20:59:03",91,2004-05-11,,inspection
10962,4833,"2010-08-27 19:44:47","2010-08-27 21:14:47",131,2010-08-27,primary,inspection
9053,16857,"2005-12-08 19:41:27","2005-12-08 21:11:27",80,2005-12-08,primary,register_jobs
12325,6047,"2016-02-26 10:26:26","2016-02-26 11:56:26",145,2016-02-26,primary,register_jobs
9434,13788,"2008-01-20 03:11:48","2008-01-20 04:41:48",49,2008-01-20,secondary,register_jobs
1241,16053,"2012-05-17 06:26:59","2012-05-17 07:56:59",151,2012-05-17,primary,register_jobs
1152,12426,"2009-06-26 17:19:59","2009-06-26 18:49:59",153,2009-06-26,primary,register_jobs
15338,10713,"2011-02-10 13:42:14","2011-02-10 15:12:14",107,2011-02-10,,register_jobs
4530,16207,"2011-09-27 14:41:18","2011-09-27 16:11:18",201,2011-09-27,secondary,register_jobs
5481,18366,"2007-11-20 17:02:44","2007-11-20 18:32:44",38,2007-11-20,primary,inspection
3007,17439,"2007-11-12 12:33:39","2007-11-12 14:03:39",56,2007-11-12,secondary,register_jobs
6391,8055,"2006-03-25 07:18:35","2006-03-25 08:48:35",186,2006-03-25,,register_jobs
11935,16712,"2015-04-07 17:15:48","2015-04-07 18:45:48",100,2015-04-07,,register_jobs
14494,6652,"2011-04-19 00:39:59","2011-04-19 02:09:59",103,2011-04-19,secondary,register_jobs
2887,9692,"2015-06-23 20:36:33","2015-06-23 22:06:33",194,2015-06-23,,inspection
10461,495,"2013-08-27 00:40:35","2013-08-27 02:10:35",153,2013-08-27,secondary,inspection
1045,3882,"2004-02-08 05:09:16","2004-02-08 06:39:16",103,2004-02-08,secondary,register_jobs
14579,16772,"2009-06-18 12:03:33","2009-06-18 13:33:33",80,2009-06-18,,register_jobs
15814,15875,"2009-02-28 13:28:39","2009-02-28 14:58:39",167,2009-02-28,primary,inspection
5934,13750,"2016-01-25 21:49:26","2016-01-25 23:19:26",102,2016-01-25,,inspection
858,9624,"2007-09-08 16:34:17","2007-09-08 18:04:17",83,2007-09-08,secondary,register_jobs
14566,5356,"2006-02-19 04:38:55","2006-02-19 06:08:55",91,2006-02-19,,register_jobs
13763,18061,"2011-07-29 12:47:58","2011-07-29 14:17:58",117,2011-07-29,,register_jobs
10849,2275,"2010-04-29 16:10:41","2010-04-29 17:40:41",83,2010-04-29,primary,register_jobs
6824,14579,"2015-11-14 16:03:02","2015-11-14 17:33:02",145,2015-11-14,secondary,inspection
3554,18310,"2010-09-19 13:40:21","2010-09-19 15:10:21",28,2010-09-19,primary,inspection
13905,10175,"2006-11-12 23:50:48","2006-11-13 01:20:48",121,2006-11-12,,inspection
14974,10862,"2012-02-25 01:25:36","2012-02-25 02:55:36",139,2012-02-25,primary,inspection
16182,5284,"2014-05-13 06:26:57","2014-05-13 07:56:57",205,2014-05-13,,inspection
5321,18301,"2008-07-04 12:45:18","2008-07-04 14:15:18",51,2008-07-04,secondary,inspection
9629,17628,"2004-09-24 12:16:49","2004-09-24 13:46:49",41,2004-09-24,primary,register_jobs
15322,4878,"2013-06-30 18:47:07","2013-06-30 20:17:07",68,2013-06-30,primary,register_jobs
2362,5388,"2003-11-29 13:17:42","2003-11-29 14:47:42",130,2003-11-29,secondary,inspection
10802,10601,"2006-08-08 00:09:54","2006-08-08 01:39:54",117,2006-08-08,primary,inspection
16904,1740,"2004-11-04 22:49:08","2004-11-05 00:19:08",42,2004-11-04,,register_jobs
5233,10615,"2014-08-28 12:21:03","2014-08-28 13:51:03",175,2014-08-28,primary,register_jobs
3254,17952,"2006-08-06 19:17:12","2006-08-06 20:47:12",109,2006-08-06,primary,register_jobs
9384,9042,"2015-05-03 23:59:41","2015-05-04 01:29:41",54,2015-05-03,,register_jobs
7338,14515,"2013-08-20 07:16:18","2013-08-20 08:46:18",75,2013-08-20,secondary,register_jobs
1500,5196,"2004-11-08 05:28:20","2004-11-08 06:58:20",58,2004-11-08,,register_jobs
1164,12346,"2005-12-25 02:18:03","2005-12-25 03:48:03",159,2005-12-25,secondary,inspection
2498,2755,"2014-02-25 03:27:16","2014-02-25 04:57:16",171,2014-02-25,primary,inspection
9903,1054,"2004-09-29 22:40:07","2004-09-30 00:10:07",124,2004-09-29,secondary,register_jobs
9637,10820,"2012-10-11 13:27:39","2012-10-11 14:57:39",106,2012-10-11,secondary,register_jobs
17314,9740,"2013-05-13 21:02:42","2013-05-13 22:32:42",22,2013-05-13,,inspection
8021,12610,"2008-04-11 07:27:33","2008-04-11 08:57:33",16,2008-04-11,,register_jobs
847,11326,"2016-04-10 16:34:23","2016-04-10 18:04:23",43,2016-04-10,secondary,register_jobs
16374,13637,"2011-11-03 20:48:44","2011-11-03 22:18:44",153,2011-11-03,primary,register_jobs
4720,17666,"2014-08-06 06:34:36","2014-08-06 08:04:36",90,2014-08-06,secondary,inspection
9246,14480,"2014-03-29 07:55:28","2014-03-29 09:25:28",75,2014-03-29,primary,inspection
16281,7540,"2015-07-10 19:55:25","2015-07-10 21:25:25",125,2015-07-10,secondary,inspection
16605,10774,"2003-09-11 07:53:17","2003-09-11 09:23:17",134,2003-09-11,,register_jobs
12983,5164,"2013-06-27 14:53:23","2013-06-27 16:23:23",107,2013-06-27,primary,inspection
6045,18186,"2015-01-14 19:16:08","2015-01-14 20:46:08",180,2015-01-14,secondary,inspection
10339,3566,"2011-02-01 08:49:20","2011-02-01 10:19:20",79,2011-02-01,secondary,inspection
14757,11891,"2007-01-04 22:58:36","2007-01-05 00:28:36",142,2007-01-04,primary,inspection
8644,9643,"2005-07-16 06:09:18","2005-07-16 07:39:18",154,2005-07-16,,inspection
15452,5009,"2003-08-22 11:31:54","2003-08-22 13:01:54",68,2003-08-22,primary,inspection
5305,18420,"2003-05-12 13:27:16","2003-05-12 14:57:16",209,2003-05-12,,inspection
12774,5094,"2011-10-02 20:28:28","2011-10-02 21:58:28",177,2011-10-02,,register_jobs
7076,17873,"2009-09-17 05:32:15","2009-09-17 07:02:15",41,2009-09-17,,register_jobs
4593,15349,"2011-06-22 13:46:10","2011-06-22 15:16:10",42,2011-06-22,secondary,inspection
18482,14305,"2011-05-18 09:18:39","2011-05-18 10:48:39",184,2011-05-18,,register_jobs
6165,7353,"2010-02-25 22:28:31","2010-02-25 23:58:31",109,2010-02-25,,register_jobs
16915,3347,"2005-08-05 17:30:45","2005-08-05 19:00:45",94,2005-08-05,secondary,register_jobs
5694,11505,"2010-05-28 06:56:30","2010-05-28 08:26:30",108,2010-05-28,primary,inspection
1178,15708,"2014-03-13 20:30:08","2014-03-13 22:00:08",139,2014-03-13,,inspection
13727,14561,"2009-11-22 16:39:24","2009-11-22 18:09:24",64,2009-11-22,primary,register_jobs
3699,7282,"2007-09-01 00:30:51","2007-09-01 02:00:51",150,2007-09-01,secondary,inspection
15585,11927,"2004-12-28 06:44:18","2004-12-28 08:14:18",69,2004-12-28,,register_jobs
15482,12913,"2009-11-03 20:16:19","2009-11-03 21:46:19",40,2009-11-03,primary,register_jobs
4387,1418,"2012-04-03 10:55:13","2012-04-03 12:25:13",114,2012-04-03,secondary,register_jobs
7135,18113,"2006-10-02 12:01:20","2006-10-02 13:31:20",23,2006-10-02,primary,inspection
17254,14479,"2003-12-28 22:44:47","2003-12-29 00:14:47",91,2003-12-28,secondary,register_jobs
14882,6395,"2003-11-23 10:20:41","2003-11-23 11:50:41",143,2003-11-23,,inspection
11787,9706,"2003-08-02 21:37:03","2003-08-02 23:07:03",150,2003-08-02,secondary,inspection
8252,914,"2012-12-07 10:11:54","2012-12-07 11:41:54",176,2012-12-07,secondary,inspection
4845,5432,"2003-02-10 16:21:02","2003-02-10 17:51:02",206,2003-02-10,,inspection
6727,16431,"2010-04-10 19:17:26","2010-04-10 20:47:26",69,2010-04-10,secondary,inspection
14967,7682,"2012-08-17 13:04:04","2012-08-17 14:34:04",16,2012-08-17,primary,register_jobs
10126,3167,"2011-05-28 09:37:58","2011-05-28 11:07:58",42,2011-05-28,,inspection
18581,6549,"2015-07-23 04:35:02","2015-07-23 06:05:02",209,2015-07-23,secondary,register_jobs
14685,9989,"2014-09-16 02:42:21","2014-09-16 04:12:21",47,2014-09-16,secondary,inspection
6454,2409,"2003-04-30 20:49:59","2003-04-30 22:19:59",187,2003-04-30,primary,inspection
6808,13685,"2008-08-23 14:38:02","2008-08-23 16:08:02",174,2008-08-23,primary,register_jobs
518,14452,"2006-11-03 11:23:21","2006-11-03 12:53:21",93,2006-11-03,,inspection
1777,19851,"2007-01-27 06:11:01","2007-01-27 07:41:01",131,2007-01-27,,inspection
16410,12178,"2014-08-14 13:14:18","2014-08-14 14:44:18",80,2014-08-14,,register_jobs
2336,14005,"2004-08-31 12:03:29","2004-08-31 13:33:29",60,2004-08-31,secondary,register_jobs
7686,13523,"2004-04-27 05:37:19","2004-04-27 07:07:19",175,2004-04-27,,register_jobs
9027,1543,"2003-02-02 01:57:56","2003-02-02 03:27:56",161,2003-02-02,secondary,register_jobs
4543,4879,"2012-12-24 08:01:22","2012-12-24 09:31:22",156,2012-12-24,secondary,register_jobs
12770,4187,"2010-03-08 00:59:17","2010-03-08 02:29:17",49,2010-03-08,,register_jobs
4190,7371,"2010-04-23 13:40:23","2010-04-23 15:10:23",65,2010-04-23,primary,register_jobs
9755,14056,"2011-03-15 19:59:50","2011-03-15 21:29:50",72,2011-03-15,,inspection
6536,8256,"2008-01-01 10:27:37","2008-01-01 11:57:37",97,2008-01-01,,register_jobs
15031,10445,"2011-04-23 23:56:06","2011-04-24 01:26:06",183,2011-04-23,primary,register_jobs
2848,1074,"2004-10-25 06:41:27","2004-10-25 08:11:27",77,2004-10-25,,register_jobs
14813,6622,"2010-12-31 22:47:13","2011-01-01 00:17:13",205,2010-12-31,,inspection
12915,5425,"2006-09-24 09:08:52","2006-09-24 10:38:52",,2006-09-24,,inspection
7701,17405,"2015-03-23 18:58:59","2015-03-23 20:28:59",73,2015-03-23,secondary,register_jobs
8867,16040,"2011-03-06 08:10:01","2011-03-06 09:40:01",46,2011-03-06,,register_jobs
8802,10859,"2009-05-13 00:30:05","2009-05-13 02:00:05",119,2009-05-13,secondary,inspection
7795,12538,"2011-08-15 00:48:21","2011-08-15 02:18:21",206,2011-08-15,primary,inspection
11710,9170,"2012-04-13 06:39:10","2012-04-13 08:09:10",205,2012-04-13,primary,register_jobs
10451,16536,"2010-03-16 06:14:07","2010-03-16 07:44:07",102,2010-03-16,secondary,inspection
9237,3841,"2009-02-19 19:12:32","2009-02-19 20:42:32",69,2009-02-19,primary,inspection
2564,18445,"2012-08-07 16:50:24","2012-08-07 18:20:24",64,2012-08-07,primary,inspection
5650,3859,"2003-12-26 16:27:12","2003-12-26 17:57:12",151,2003-12-26,,inspection
16658,3825,"2008-11-23 00:21:16","2008-11-23 01:51:16",187,2008-11-23,secondary,inspection
8349,8129,"2007-09-22 12:56:24","2007-09-22 14:26:24",59,2007-09-22,secondary,register_jobs
6987,14579,"2015-05-26 22:35:57","2015-05-27 00:05:57",43,2015-05-26,primary,register_jobs
7415,9823,"2011-04-09 07:26:47","2011-04-09 08:56:47",127,2011-04-09,primary,register_jobs
13011,8217,"2007-12-19 02:12:10","2007-12-19 03:42:10",122,2007-12-19,primary,inspection
15585,11403,"2004-04-06 13:48:18","2004-04-06 15:18:18",66,2004-04-06,secondary,register_jobs
2791,17228,"2004-04-22 06:20:53","2004-04-22 07:50:53",106,2004-04-22,primary,inspection
5498,3516,"2012-12-19 07:24:57","2012-12-19 08:54:57",109,2012-12-19,primary,inspection
762,4250,"2014-10-04 00:09:37","2014-10-04 01:39:37",80,2014-10-04,primary,inspection
17230,11316,"2009-05-07 12:09:46","2009-05-07 13:39:46",184,2009-05-07,primary,inspection
11456,16562,"2009-08-31 09:19:09","2009-08-31 10:49:09",38,2009-08-31,secondary,inspection
18636,14372,"2010-03-10 10:46:45","2010-03-10 12:16:45",97,2010-03-10,primary,register_jobs
4851,7344,"2006-04-27 03:13:33","2006-04-27 04:43:33",90,2006-04-27,secondary,inspection
11416,14297,"2006-02-03 02:24:24","2006-02-03 03:54:24",94,2006-02-03,secondary,register_jobs
8797,6652,"2006-10-19 08:46:01","2006-10-19 10:16:01",182,2006-10-19,primary,inspection
14996,9619,"2014-04-08 20:22:49","2014-04-08 21:52:49",153,2014-04-08,secondary,register_jobs
8519,7633,"2007-07-27 02:16:39","2007-07-27 03:46:39",39,2007-07-27,secondary,inspection
3334,1846,"2005-03-28 15:16:06","2005-03-28 16:46:06",114,2005-03-28,primary,inspection
14215,9116,"2006-05-17 02:45:46","2006-05-17 04:15:46",224,2006-05-17,,register_jobs
9568,17025,"2007-06-07 10:19:37","2007-06-07 11:49:37",140,2007-06-07,primary,register_jobs
4477,1342,"2009-07-21 18:51:31","2009-07-21 20:21:31",206,2009-07-21,secondary,inspection
5494,8712,"2007-05-23 23:44:28","2007-05-24 01:14:28",149,2007-05-23,primary,register_jobs
9804,9460,"2010-03-29 06:39:26","2010-03-29 08:09:26",137,2010-03-29,,register_jobs
5968,15412,"2008-12-01 11:57:51","2008-12-01 13:27:51",187,2008-12-01,,register_jobs
11460,10893,"2007-03-13 09:57:23","2007-03-13 11:27:23",58,2007-03-13,,inspection
13835,2716,"2008-10-24 22:44:15","2008-10-25 00:14:15",108,2008-10-24,secondary,register_jobs
1841,6589,"2009-04-08 11:12:03","2009-04-08 12:42:03",188,2009-04-08,secondary,inspection
5973,4071,"2005-09-28 20:53:42","2005-09-28 22:23:42",143,2005-09-28,secondary,register_jobs
7184,10834,"2012-01-28 10:56:34","2012-01-28 12:26:34",106,2012-01-28,,inspection
10598,9351,"2009-11-13 22:04:36","2009-11-13 23:34:36",29,2009-11-13,secondary,inspection
4614,10021,"2015-10-16 03:09:59","2015-10-16 04:39:59",38,2015-10-16,secondary,register_jobs
4130,5825,"2004-07-29 20:22:54","2004-07-29 21:52:54",93,2004-07-29,,register_jobs
5798,7023,"2004-04-21 15:05:15","2004-04-21 16:35:15",68,2004-04-21,secondary,register_jobs
11681,12392,"2010-01-20 03:02:57","2010-01-20 04:32:57",34,2010-01-20,,inspection
11736,9400,"2014-12-03 10:49:36","2014-12-03 12:19:36",78,2014-12-03,secondary,register_jobs
12070,9411,"2004-01-11 07:06:38","2004-01-11 08:36:38",124,2004-01-11,secondary,register_jobs
15330,7681,"2013-07-10 12:30:41","2013-07-10 14:00:41",34,2013-07-10,,register_jobs
7439,14276,"2004-05-26 16:32:28","2004-05-26 18:02:28",94,2004-05-26,secondary,inspection
4403,6964,"2012-04-04 13:02:34","2012-04-04 14:32:34",75,2012-04-04,,register_jobs
3776,2142,"2005-10-09 19:16:33","2005-10-09 20:46:33",143,2005-10-09,primary,inspection
11028,9369,"2015-01-03 10:04:18","2015-01-03 11:34:18",80,2015-01-03,,register_jobs
17003,1035,"2010-02-19 08:05:14","2010-02-19 09:35:14",194,2010-02-19,,register_jobs
3189,13962,"2007-09-14 11:46:58","2007-09-14 13:16:58",40,2007-09-14,primary,register_jobs
5532,11963,"2013-06-05 19:09:21","2013-06-05 20:39:21",43,2013-06-05,primary,inspection
14496,997,"2010-07-27 01:03:32","2010-07-27 02:33:32",143,2010-07-27,primary,inspection
7238,3628,"2009-02-07 02:36:16","2009-02-07 04:06:16",196,2009-02-07,secondary,register_jobs
5495,6365,"2004-05-31 15:19:26","2004-05-31 16:49:26",49,2004-05-31,,register_jobs
9842,9580,"2009-07-07 16:07:04","2009-07-07 17:37:04",58,2009-07-07,primary,register_jobs
7781,6645,"2011-01-14 00:32:36","2011-01-14 02:02:36",56,2011-01-14,primary,inspection
2323,13907,"2004-02-05 22:49:58","2004-02-06 00:19:58",46,2004-02-05,secondary,register_jobs
4482,11186,"2012-04-18 00:22:17","2012-04-18 01:52:17",184,2012-04-18,,register_jobs
4830,11237,"2005-09-18 18:20:01","2005-09-18 19:50:01",108,2005-09-18,primary,inspection
15660,5533,"2014-01-21 17:45:02","2014-01-21 19:15:02",69,2014-01-21,,inspection
12555,5942,"2007-07-16 08:32:56","2007-07-16 10:02:56",142,2007-07-16,secondary,inspection
17350,16992,"2010-07-16 10:01:59","2010-07-16 11:31:59",67,2010-07-16,,inspection
14555,16341,"2009-03-25 01:53:57","2009-03-25 03:23:57",22,2009-03-25,secondary,inspection
15711,4377,"2007-03-29 15:51:59","2007-03-29 17:21:59",187,2007-03-29,primary,inspection
4517,9731,"2011-03-12 11:48:09","2011-03-12 13:18:09",186,2011-03-12,primary,inspection
15285,5300,"2013-02-19 01:28:26","2013-02-19 02:58:26",28,2013-02-19,primary,register_jobs
2148,2922,"2014-05-06 12:19:22","2014-05-06 13:49:22",159,2014-05-06,primary,register_jobs
14874,946,"2008-03-06 10:05:29","2008-03-06 11:35:29",62,2008-03-06,secondary,inspection
3831,11937,"2005-12-31 19:41:30","2005-12-31 21:11:30",94,2005-12-31,,inspection
12230,4102,"2003-06-28 09:39:27","2003-06-28 11:09:27",114,2003-06-28,primary,inspection
6205,11223,"2003-12-25 17:25:54","2003-12-25 18:55:54",75,2003-12-25,primary,register_jobs
4539,3268,"2009-04-21 16:33:32","2009-04-21 18:03:32",130,2009-04-21,secondary,inspection
6830,7032,"2014-02-24 10:57:01","2014-02-24 12:27:01",187,2014-02-24,primary,register_jobs
14748,7565,"2011-01-14 09:36:33","2011-01-14 11:06:33",56,2011-01-14,,register_jobs
5900,1947,"2005-06-26 09:47:34","2005-06-26 11:17:34",83,2005-06-26,secondary,inspection
15729,18026,"2004-03-12 02:12:41","2004-03-12 03:42:41",140,2004-03-12,,register_jobs
12392,10633,"2012-08-01 15:42:09","2012-08-01 17:12:09",184,2012-08-01,,register_jobs
2881,15944,"2007-12-18 19:50:13","2007-12-18 21:20:13",151,2007-12-18,,register_jobs
11205,5262,"2014-11-26 12:08:55","2014-11-26 13:38:55",64,2014-11-26,secondary,inspection
255,15378,"2011-12-18 01:43:20","2011-12-18 03:13:20",163,2011-12-18,primary,inspection
8935,9975,"2008-04-19 08:53:23","2008-04-19 10:23:23",78,2008-04-19,,inspection
15151,7931,"2011-10-10 16:15:14","2011-10-10 17:45:14",54,2011-10-10,secondary,inspection
2295,15032,"2011-12-07 06:45:25","2011-12-07 08:15:25",109,2011-12-07,secondary,inspection
12515,8305,"2015-06-16 01:11:53","2015-06-16 02:41:53",54,2015-06-16,secondary,register_jobs
11372,4373,"2012-03-25 08:14:03","2012-03-25 09:44:03",108,2012-03-25,primary,inspection
14054,1531,"2004-05-29 16:18:43","2004-05-29 17:48:43",127,2004-05-29,,register_jobs
14202,770,"2006-11-24 02:52:51","2006-11-24 04:22:51",143,2006-11-24,secondary,inspection
11809,15961,"2007-05-27 05:59:28","2007-05-27 07:29:28",43,2007-05-27,,inspection
2353,6677,"2014-12-15 03:49:59","2014-12-15 05:19:59",68,2014-12-15,,register_jobs
17154,16812,"2009-09-23 08:17:46","2009-09-23 09:47:46",153,2009-09-23,primary,register_jobs
10608,839,"2007-03-03 11:06:22","2007-03-03 12:36:22",83,2007-03-03,,register_jobs
8749,18143,"2010-08-26 07:39:59","2010-08-26 09:09:59",131,2010-08-26,,inspection
8776,11479,"2007-11-02 05:38:53","2007-11-02 07:08:53",55,2007-11-02,primary,inspection
8966,15639,"2014-01-06 17:22:42","2014-01-06 18:52:42",48,2014-01-06,secondary,register_jobs
5607,1351,"2008-06-01 10:17:19","2008-06-01 11:47:19",68,2008-06-01,secondary,inspection
6132,2327,"2010-04-30 09:48:46","2010-04-30 11:18:46",127,2010-04-30,secondary,register_jobs
5433,14211,"2013-02-15 01:12:25","2013-02-15 02:42:25",153,2013-02-15,secondary,inspection
5044,6964,"2011-08-16 16:05:49","2011-08-16 17:35:49",60,2011-08-16,primary,inspection
5526,8018,"2015-08-31 17:37:28","2015-08-31 19:07:28",166,2015-08-31,primary,register_jobs
14820,8889,"2014-06-25 01:10:58","2014-06-25 02:40:58",197,2014-06-25,,register_jobs
12132,14186,"2009-01-29 00:13:46","2009-01-29 01:43:46",123,2009-01-29,,register_jobs
1122,13443,"2014-01-22 21:32:15","2014-01-22 23:02:15",123,2014-01-22,secondary,inspection
7457,15538,"2008-09-30 12:34:33","2008-09-30 14:04:33",163,2008-09-30,primary,register_jobs
10430,10640,"2011-11-23 19:00:10","2011-11-23 20:30:10",28,2011-11-23,,inspection
4226,14801,"2005-09-13 23:24:25","2005-09-14 00:54:25",138,2005-09-13,,inspection
10724,10973,"2003-10-01 15:01:23","2003-10-01 16:31:23",171,2003-10-01,,inspection
17187,15699,"2005-10-23 09:17:30","2005-10-23 10:47:30",192,2005-10-23,primary,inspection
17157,17923,"2009-03-26 15:07:33","2009-03-26 16:37:33",67,2009-03-26,secondary,inspection
7754,2727,"2010-02-12 09:35:02","2010-02-12 11:05:02",29,2010-02-12,primary,register_jobs
11985,12661,"2003-01-26 06:22:52","2003-01-26 07:52:52",166,2003-01-26,,inspection
6746,7272,"2011-09-13 05:43:46","2011-09-13 07:13:46",56,2011-09-13,,register_jobs
6742,9452,"2003-01-14 18:58:20","2003-01-14 20:28:20",178,2003-01-14,,inspection
12943,18336,"2008-01-31 21:13:48","2008-01-31 22:43:48",75,2008-01-31,secondary,inspection
9883,2323,"2014-09-10 23:15:21","2014-09-11 00:45:21",224,2014-09-10,primary,inspection
10992,4364,"2008-11-24 17:11:14","2008-11-24 18:41:14",40,2008-11-24,primary,register_jobs
1214,16113,"2014-05-16 06:36:14","2014-05-16 08:06:14",56,2014-05-16,,inspection
4750,6808,"2012-03-05 10:33:32","2012-03-05 12:03:32",48,2012-03-05,,inspection
8274,5845,"2004-12-17 02:37:02","2004-12-17 04:07:02",43,2004-12-17,secondary,register_jobs
11704,15420,"2013-11-07 06:18:01","2013-11-07 07:48:01",196,2013-11-07,primary,register_jobs
2174,20141,"2009-04-22 03:36:31","2009-04-22 05:06:31",148,2009-04-22,,register_jobs
1170,8109,"2005-06-19 06:17:10","2005-06-19 07:47:10",22,2005-06-19,,inspection
16264,15976,"2003-02-06 11:23:31","2003-02-06 12:53:31",76,2003-02-06,,inspection
4486,6791,"2014-12-04 10:23:26","2014-12-04 11:53:26",53,2014-12-04,,register_jobs
3296,13973,"2009-01-09 01:16:04","2009-01-09 02:46:04",64,2009-01-09,,register_jobs
9992,8936,"2011-09-11 21:09:28","2011-09-11 22:39:28",139,2011-09-11,,inspection
7846,12255,"2003-02-13 16:48:18","2003-02-13 18:18:18",87,2003-02-13,primary,inspection
8453,14619,"2003-01-26 20:09:42","2003-01-26 21:39:42",181,2003-01-26,secondary,inspection
12240,684,"2012-09-15 13:43:39","2012-09-15 15:13:39",28,2012-09-15,secondary,register_jobs
6030,10203,"2004-10-03 12:55:27","2004-10-03 14:25:27",182,2004-10-03,primary,inspection
4529,2291,"2005-09-26 00:22:17","2005-09-26 01:52:17",138,2005-09-26,secondary,register_jobs
15544,14157,"2006-02-19 08:53:12","2006-02-19 10:23:12",182,2006-02-19,,register_jobs
5502,12131,"2012-04-16 19:41:49","2012-04-16 21:11:49",102,2012-04-16,,register_jobs
15114,1243,"2006-09-13 13:54:03","2006-09-13 15:24:03",72,2006-09-13,secondary,inspection
1252,4322,"2011-12-06 16:53:43","2011-12-06 18:23:43",51,2011-12-06,secondary,inspection
2261,18958,"2012-11-02 03:43:06","2012-11-02 05:13:06",181,2012-11-02,secondary,inspection
16950,13870,"2005-03-09 05:01:46","2005-03-09 06:31:46",188,2005-03-09,secondary,inspection
9574,5241,"2003-10-30 00:47:14","2003-10-30 02:17:14",145,2003-10-30,secondary,register_jobs
5099,4237,"2003-10-22 08:12:34","2003-10-22 09:42:34",43,2003-10-22,primary,register_jobs
4802,2866,"2003-05-02 11:32:57","2003-05-02 13:02:57",61,2003-05-02,primary,register_jobs
3320,1920,"2003-01-15 05:46:42","2003-01-15 07:16:42",209,2003-01-15,secondary,inspection
3421,14741,"2014-01-12 06:45:41","2014-01-12 08:15:41",120,2014-01-12,,inspection
2650,1971,"2009-12-08 19:22:23","2009-12-08 20:52:23",166,2009-12-08,secondary,register_jobs
15103,6456,"2004-10-02 01:10:01","2004-10-02 02:40:01",76,2004-10-02,secondary,inspection
17715,2005,"2008-10-06 20:03:39","2008-10-06 21:33:39",122,2008-10-06,,register_jobs
4672,12580,"2010-06-11 08:18:40","2010-06-11 09:48:40",139,2010-06-11,,inspection
1465,14926,"2009-01-06 04:10:58","2009-01-06 05:40:58",59,2009-01-06,primary,inspection
2577,17591,"2013-07-20 22:20:34","2013-07-20 23:50:34",187,2013-07-20,secondary,inspection
837,11049,"2015-06-24 14:18:16","2015-06-24 15:48:16",62,2015-06-24,primary,inspection
13976,10070,"2004-05-12 06:29:00","2004-05-12 07:59:00",55,2004-05-12,,inspection
15906,17782,"2012-02-24 14:21:12","2012-02-24 15:51:12",75,2012-02-24,primary,register_jobs
18448,3879,"2015-09-03 11:37:22","2015-09-03 13:07:22",155,2015-09-03,,inspection
107,16542,"2010-04-19 17:11:27","2010-04-19 18:41:27",105,2010-04-19,secondary,inspection
14766,14400,"2005-06-17 10:14:00","2005-06-17 11:44:00",155,2005-06-17,,register_jobs
3674,16431,"2006-04-10 22:58:24","2006-04-11 00:28:24",156,2006-04-10,primary,register_jobs
1627,1910,"2009-01-28 14:23:37","2009-01-28 15:53:37",87,2009-01-28,primary,inspection
6454,12142,"2010-03-02 15:25:19","2010-03-02 16:55:19",154,2010-03-02,,inspection
11120,15675,"2009-06-16 03:59:15","2009-06-16 05:29:15",79,2009-06-16,,inspection
5429,10590,"2004-03-24 12:00:49","2004-03-24 13:30:49",180,2004-03-24,,inspection
5122,14493,"2015-04-14 00:58:39","2015-04-14 02:28:39",171,2015-04-14,secondary,register_jobs
8491,3405,"2015-12-31 02:30:07","2015-12-31 04:00:07",29,2015-12-31,secondary,inspection
7361,16336,"2012-02-11 08:56:48","2012-02-11 10:26:48",69,2012-02-11,,inspection
10846,10419,"2004-07-25 00:55:02","2004-07-25 02:25:02",199,2004-07-25,secondary,inspection
1357,16459,"2011-07-04 16:31:56","2011-07-04 18:01:56",50,2011-07-04,secondary,inspection
14307,2608,"2012-12-15 08:12:15","2012-12-15 09:42:15",108,2012-12-15,primary,register_jobs
10315,11006,"2011-01-31 09:20:15","2011-01-31 10:50:15",163,2011-01-31,primary,register_jobs
6059,14818,"2006-11-13 04:44:14","2006-11-13 06:14:14",48,2006-11-13,primary,inspection
13036,9428,"2003-10-04 03:52:32","2003-10-04 05:22:32",124,2003-10-04,primary,register_jobs
5936,8904,"2005-03-28 08:55:51","2005-03-28 10:25:51",22,2005-03-28,primary,register_jobs
4437,2080,"2014-11-18 20:53:47","2014-11-18 22:23:47",,2014-11-18,secondary,inspection
6266,4633,"2004-05-28 15:37:42","2004-05-28 17:07:42",140,2004-05-28,,inspection
7174,3318,"2003-07-26 07:12:55","2003-07-26 08:42:55",176,2003-07-26,primary,inspection
10603,9649,"2012-01-26 08:44:12","2012-01-26 10:14:12",47,2012-01-26,,register_jobs
6210,8808,"2010-02-27 00:20:01","2010-02-27 01:50:01",207,2010-02-27,primary,inspection
4921,2069,"2006-07-26 13:13:52","2006-07-26 14:43:52",80,2006-07-26,,inspection
6798,2759,"2003-06-10 22:22:54","2003-06-10 23:52:54",64,2003-06-10,,register_jobs
1582,11304,"2004-05-29 11:03:43","2004-05-29 12:33:43",63,2004-05-29,secondary,register_jobs
10010,12815,"2003-02-03 00:08:17","2003-02-03 01:38:17",105,2003-02-03,secondary,inspection
4559,2606,"2011-01-20 08:20:58","2011-01-20 09:50:58",22,2011-01-20,,register_jobs
8585,13476,"2015-03-02 03:01:43","2015-03-02 04:31:43",15,2015-03-02,secondary,inspection
15187,5836,"2013-10-06 04:56:56","2013-10-06 06:26:56",197,2013-10-06,,register_jobs
4517,6853,"2004-08-21 08:53:51","2004-08-21 10:23:51",149,2004-08-21,primary,register_jobs
8971,13928,"2013-03-28 02:35:46","2013-03-28 04:05:46",91,2013-03-28,secondary,register_jobs
10373,12103,"2005-12-12 10:57:46","2005-12-12 12:27:46",76,2005-12-12,primary,inspection
9452,5205,"2013-06-17 23:34:09","2013-06-18 01:04:09",105,2013-06-17,primary,register_jobs
6367,17260,"2008-06-17 17:37:38","2008-06-17 19:07:38",149,2008-06-17,,register_jobs
7232,4735,"2015-12-06 18:05:40","2015-12-06 19:35:40",69,2015-12-06,,inspection
14934,3719,"2009-05-08 16:56:27","2009-05-08 18:26:27",55,2009-05-08,,register_jobs
8988,13391,"2010-11-02 09:00:17","2010-11-02 10:30:17",55,2010-11-02,secondary,register_jobs
10986,14994,"2016-03-21 09:46:30","2016-03-21 11:16:30",62,2016-03-21,,register_jobs
9123,12171,"2007-01-07 01:16:57","2007-01-07 02:46:57",58,2007-01-07,,inspection
3393,4944,"2005-12-31 18:46:58","2005-12-31 20:16:58",100,2005-12-31,primary,register_jobs
16417,2945,"2005-01-09 08:21:29","2005-01-09 09:51:29",75,2005-01-09,,register_jobs
12842,16429,"2009-01-04 14:52:44","2009-01-04 16:22:44",47,2009-01-04,secondary,inspection
16069,5582,"2008-06-28 14:14:57","2008-06-28 15:44:57",55,2008-06-28,,register_jobs
8469,15761,"2009-06-13 06:32:34","2009-06-13 08:02:34",41,2009-06-13,primary,register_jobs
15737,3316,"2015-10-23 14:50:53","2015-10-23 16:20:53",55,2015-10-23,primary,inspection
9180,10490,"2009-08-13 07:11:05","2009-08-13 08:41:05",137,2009-08-13,secondary,inspection
5430,7253,"2003-02-21 20:48:00","2003-02-21 22:18:00",184,2003-02-21,primary,register_jobs
14695,3439,"2010-03-12 18:35:40","2010-03-12 20:05:40",175,2010-03-12,,register_jobs
9284,14405,"2004-12-15 17:48:15","2004-12-15 19:18:15",207,2004-12-15,primary,register_jobs
10346,5876,"2015-12-08 11:57:37","2015-12-08 13:27:37",44,2015-12-08,secondary,inspection
5243,2466,"2012-07-17 15:05:52","2012-07-17 16:35:52",61,2012-07-17,secondary,inspection
15910,3948,"2014-08-21 01:47:10","2014-08-21 03:17:10",59,2014-08-21,secondary,inspection
6074,8495,"2009-04-28 17:16:09","2009-04-28 18:46:09",138,2009-04-28,,register_jobs
5314,17314,"2015-05-24 12:26:11","2015-05-24 13:56:11",145,2015-05-24,,inspection
4360,1341,"2004-01-20 16:54:52","2004-01-20 18:24:52",80,2004-01-20,,inspection
1591,1744,"2016-01-16 13:01:42","2016-01-16 14:31:42",40,2016-01-16,,inspection
3531,16230,"2003-02-13 20:37:46","2003-02-13 22:07:46",55,2003-02-13,primary,inspection
15289,17424,"2013-06-16 11:03:31","2013-06-16 12:33:31",55,2013-06-16,primary,register_jobs
8024,5985,"2011-02-14 04:35:47","2011-02-14 06:05:47",117,2011-02-14,,inspection
3852,14049,"2003-05-15 00:56:51","2003-05-15 02:26:51",40,2003-05-15,primary,register_jobs
9679,2108,"2015-02-10 07:10:59","2015-02-10 08:40:59",209,2015-02-10,primary,register_jobs
11300,10753,"2015-07-17 06:42:10","2015-07-17 08:12:10",174,2015-07-17,secondary,inspection
11009,14737,"2008-05-23 01:38:26","2008-05-23 03:08:26",75,2008-05-23,secondary,register_jobs
7761,13048,"2007-09-10 03:44:01","2007-09-10 05:14:01",139,2007-09-10,secondary,inspection
16869,17804,"2005-02-22 07:37:28","2005-02-22 09:07:28",187,2005-02-22,,register_jobs
16893,20195,"2015-06-10 03:46:39","2015-06-10 05:16:39",22,2015-06-10,secondary,inspection
15762,4421,"2008-05-25 02:38:23","2008-05-25 04:08:23",199,2008-05-25,secondary,register_jobs
2222,12315,"2014-04-14 04:07:41","2014-04-14 05:37:41",131,2014-04-14,primary,register_jobs
13684,15632,"2014-06-20 04:12:14","2014-06-20 05:42:14",119,2014-06-20,primary,inspection
10388,13526,"2006-11-26 15:18:21","2006-11-26 16:48:21",60,2006-11-26,primary,inspection
7375,13462,"2012-05-27 16:34:40","2012-05-27 18:04:40",150,2012-05-27,primary,inspection
14692,10381,"2006-12-28 12:22:33","2006-12-28 13:52:33",114,2006-12-28,secondary,register_jobs
11106,5642,"2010-03-09 03:24:46","2010-03-09 04:54:46",50,2010-03-09,,inspection
2185,8922,"2010-09-09 14:32:57","2010-09-09 16:02:57",87,2010-09-09,primary,inspection
16073,8176,"2004-10-28 07:01:25","2004-10-28 08:31:25",178,2004-10-28,,inspection
15101,4430,"2010-07-19 05:33:50","2010-07-19 07:03:50",64,2010-07-19,primary,inspection
15114,9134,"2014-10-20 18:20:50","2014-10-20 19:50:50",88,2014-10-20,primary,register_jobs
15998,15359,"2010-11-02 01:45:19","2010-11-02 03:15:19",183,2010-11-02,,register_jobs
11717,2157,"2010-02-01 19:37:58","2010-02-01 21:07:58",206,2010-02-01,,inspection
3805,12061,"2013-07-21 14:28:03","2013-07-21 15:58:03",53,2013-07-21,,inspection
10581,11613,"2003-03-28 02:26:00","2003-03-28 03:56:00",61,2003-03-28,secondary,register_jobs
12985,18354,"2014-06-02 13:32:31","2014-06-02 15:02:31",69,2014-06-02,,register_jobs
12818,4586,"2009-08-19 20:58:17","2009-08-19 22:28:17",69,2009-08-19,primary,register_jobs
2512,17551,"2007-03-22 20:02:15","2007-03-22 21:32:15",90,2007-03-22,,inspection
15339,3016,"2004-07-31 10:39:20","2004-07-31 12:09:20",154,2004-07-31,,register_jobs
1830,13758,"2009-03-26 10:59:02","2009-03-26 12:29:02",28,2009-03-26,,inspection
3413,5316,"2005-05-20 01:07:45","2005-05-20 02:37:45",48,2005-05-20,primary,register_jobs
16832,1772,"2009-04-23 10:07:52","2009-04-23 11:37:52",150,2009-04-23,,inspection
10518,14339,"2016-02-01 02:16:39","2016-02-01 03:46:39",194,2016-02-01,secondary,inspection
2533,12953,"2014-07-26 07:17:07","2014-07-26 08:47:07",,2014-07-26,secondary,inspection
5916,14660,"2004-11-07 14:20:36","2004-11-07 15:50:36",181,2004-11-07,primary,register_jobs
9839,4175,"2008-02-05 04:03:54","2008-02-05 05:33:54",138,2008-02-05,secondary,inspection
3423,11949,"2003-02-01 07:21:46","2003-02-01 08:51:46",39,2003-02-01,secondary,inspection
14962,8695,"2012-08-27 03:06:13","2012-08-27 04:36:13",103,2012-08-27,secondary,register_jobs
11251,10146,"2006-08-17 00:19:41","2006-08-17 01:49:41",198,2006-08-17,primary,register_jobs
13645,12306,"2011-06-17 11:43:51","2011-06-17 13:13:51",87,2011-06-17,primary,inspection
17708,10114,"2008-12-07 12:37:29","2008-12-07 14:07:29",139,2008-12-07,primary,register_jobs
11512,6844,"2006-12-15 19:46:02","2006-12-15 21:16:02",192,2006-12-15,secondary,register_jobs
8329,126,"2012-12-19 17:11:53","2012-12-19 18:41:53",51,2012-12-19,secondary,inspection
3898,7543,"2010-07-23 06:17:21","2010-07-23 07:47:21",34,2010-07-23,,inspection
13522,14174,"2008-04-05 03:21:21","2008-04-05 04:51:21",16,2008-04-05,,register_jobs
10892,6698,"2016-02-25 16:11:31","2016-02-25 17:41:31",106,2016-02-25,,inspection
9960,11312,"2011-10-20 14:54:54","2011-10-20 16:24:54",209,2011-10-20,primary,register_jobs
3982,13877,"2005-02-15 08:59:03","2005-02-15 10:29:03",50,2005-02-15,primary,inspection
16346,15278,"2015-03-04 04:52:36","2015-03-04 06:22:36",66,2015-03-04,secondary,inspection
7429,12859,"2006-05-16 12:52:56","2006-05-16 14:22:56",209,2006-05-16,primary,inspection
7558,8196,"2007-03-24 14:11:47","2007-03-24 15:41:47",138,2007-03-24,secondary,inspection
10071,3521,"2010-08-20 15:14:38","2010-08-20 16:44:38",47,2010-08-20,primary,inspection
12502,14948,"2008-07-19 21:05:15","2008-07-19 22:35:15",46,2008-07-19,secondary,register_jobs
13888,995,"2012-12-21 10:42:26","2012-12-21 12:12:26",121,2012-12-21,,register_jobs
5983,8706,"2009-01-15 04:44:48","2009-01-15 06:14:48",42,2009-01-15,,inspection
11085,4380,"2015-02-07 22:40:52","2015-02-08 00:10:52",69,2015-02-07,,register_jobs
14618,12461,"2015-05-03 13:15:46","2015-05-03 14:45:46",40,2015-05-03,secondary,register_jobs
7186,16188,"2012-02-01 20:18:59","2012-02-01 21:48:59",102,2012-02-01,primary,inspection
5183,9630,"2010-10-27 23:36:14","2010-10-28 01:06:14",138,2010-10-27,secondary,inspection
5193,15597,"2011-12-05 03:54:41","2011-12-05 05:24:41",40,2011-12-05,primary,register_jobs
5547,13664,"2015-02-15 03:56:13","2015-02-15 05:26:13",44,2015-02-15,primary,inspection
9403,14523,"2005-11-13 12:40:19","2005-11-13 14:10:19",182,2005-11-13,primary,inspection
5567,1740,"2003-02-07 16:07:13","2003-02-07 17:37:13",182,2003-02-07,secondary,inspection
6378,15811,"2010-05-21 06:17:43","2010-05-21 07:47:43",22,2010-05-21,secondary,inspection
11553,16741,"2010-03-11 17:42:37","2010-03-11 19:12:37",79,2010-03-11,secondary,register_jobs
11602,10386,"2009-01-23 07:45:23","2009-01-23 09:15:23",49,2009-01-23,secondary,register_jobs
17198,11734,"2004-04-22 20:26:35","2004-04-22 21:56:35",182,2004-04-22,secondary,register_jobs
14886,9345,"2010-05-23 09:59:22","2010-05-23 11:29:22",137,2010-05-23,secondary,register_jobs
4954,10341,"2005-10-04 14:30:46","2005-10-04 16:00:46",23,2005-10-04,,register_jobs
14496,2246,"2011-10-16 21:45:38","2011-10-16 23:15:38",120,2011-10-16,,inspection
11331,9336,"2013-05-13 02:21:27","2013-05-13 03:51:27",68,2013-05-13,secondary,register_jobs
15604,3872,"2008-01-19 00:30:29","2008-01-19 02:00:29",207,2008-01-19,secondary,register_jobs
5666,15874,"2004-12-16 19:54:59","2004-12-16 21:24:59",130,2004-12-16,secondary,inspection
2843,14541,"2013-06-26 14:12:19","2013-06-26 15:42:19",69,2013-06-26,,register_jobs
14672,15711,"2013-03-22 00:55:07","2013-03-22 02:25:07",184,2013-03-22,primary,inspection
3129,11933,"2012-02-25 11:05:14","2012-02-25 12:35:14",47,2012-02-25,primary,register_jobs
14525,5244,"2007-08-31 04:20:47","2007-08-31 05:50:47",119,2007-08-31,secondary,inspection
16390,5328,"2010-02-16 06:30:57","2010-02-16 08:00:57",80,2010-02-16,primary,register_jobs
6187,5896,"2014-09-24 09:38:49","2014-09-24 11:08:49",138,2014-09-24,primary,register_jobs
7355,5327,"2011-09-06 12:37:44","2011-09-06 14:07:44",105,2011-09-06,,inspection
16612,14348,"2009-02-02 04:11:48","2009-02-02 05:41:48",29,2009-02-02,,register_jobs
8188,18468,"2008-10-05 15:30:25","2008-10-05 17:00:25",148,2008-10-05,secondary,inspection
9331,13128,"2011-09-19 23:58:30","2011-09-20 01:28:30",194,2011-09-19,secondary,register_jobs
13505,10279,"2003-12-28 03:30:43","2003-12-28 05:00:43",79,2003-12-28,primary,register_jobs
1421,10105,"2013-08-02 19:52:54","2013-08-02 21:22:54",28,2013-08-02,primary,inspection
17132,13317,"2011-10-01 17:25:07","2011-10-01 18:55:07",88,2011-10-01,,inspection
8716,3957,"2010-07-28 03:28:14","2010-07-28 04:58:14",121,2010-07-28,,register_jobs
14382,12683,"2006-12-06 00:03:44","2006-12-06 01:33:44",207,2006-12-06,secondary,inspection
14097,5394,"2005-03-06 08:01:35","2005-03-06 09:31:35",143,2005-03-06,,inspection
16615,13179,"2013-06-29 06:01:53","2013-06-29 07:31:53",67,2013-06-29,secondary,register_jobs
11793,3414,"2003-06-09 12:54:34","2003-06-09 14:24:34",153,2003-06-09,,register_jobs
11284,12615,"2009-04-21 09:57:31","2009-04-21 11:27:31",142,2009-04-21,,inspection
8623,11587,"2013-10-07 09:06:10","2013-10-07 10:36:10",100,2013-10-07,primary,register_jobs
10832,1673,"2015-11-03 03:15:02","2015-11-03 04:45:02",59,2015-11-03,,register_jobs
1643,3294,"2014-06-23 00:36:37","2014-06-23 02:06:37",120,2014-06-23,primary,register_jobs
7128,14977,"2012-08-21 12:57:30","2012-08-21 14:27:30",186,2012-08-21,,inspection
10316,9051,"2003-10-26 05:29:24","2003-10-26 06:59:24",150,2003-10-26,,inspection
1266,1103,"2009-06-24 02:05:00","2009-06-24 03:35:00",34,2009-06-24,primary,register_jobs
8508,1309,"2007-10-11 14:35:29","2007-10-11 16:05:29",93,2007-10-11,secondary,register_jobs
9955,7630,"2011-07-18 05:32:59","2011-07-18 07:02:59",171,2011-07-18,,inspection
14374,1439,"2015-04-19 02:01:56","2015-04-19 03:31:56",150,2015-04-19,secondary,register_jobs
13361,13683,"2010-01-02 03:40:19","2010-01-02 05:10:19",206,2010-01-02,primary,inspection
16503,17984,"2010-06-16 17:38:14","2010-06-16 19:08:14",131,2010-06-16,secondary,register_jobs
6981,16735,"2004-02-24 21:09:36","2004-02-24 22:39:36",48,2004-02-24,secondary,inspection
8244,1865,"2009-03-12 07:43:47","2009-03-12 09:13:47",178,2009-03-12,,register_jobs
3363,18079,"2010-01-20 06:30:20","2010-01-20 08:00:20",127,2010-01-20,secondary,inspection
7311,7739,"2012-11-22 16:05:43","2012-11-22 17:35:43",97,2012-11-22,primary,inspection
16071,14328,"2007-11-23 01:24:58","2007-11-23 02:54:58",73,2007-11-23,primary,inspection
11064,2208,"2012-11-27 16:31:06","2012-11-27 18:01:06",134,2012-11-27,secondary,inspection
4533,6735,"2005-04-12 20:45:24","2005-04-12 22:15:24",63,2005-04-12,,inspection
10663,13421,"2008-06-11 09:55:22","2008-06-11 11:25:22",80,2008-06-11,,inspection
16306,17384,"2016-03-15 18:10:58","2016-03-15 19:40:58",80,2016-03-15,primary,register_jobs
13252,3483,"2005-04-27 03:54:03","2005-04-27 05:24:03",196,2005-04-27,,inspection
14299,5733,"2011-09-18 05:31:59","2011-09-18 07:01:59",161,2011-09-18,primary,register_jobs
10846,4966,"2011-07-06 20:18:27","2011-07-06 21:48:27",205,2011-07-06,secondary,register_jobs
5177,16408,"2009-08-21 06:35:16","2009-08-21 08:05:16",54,2009-08-21,primary,register_jobs
11157,18010,"2012-08-20 03:05:11","2012-08-20 04:35:11",138,2012-08-20,secondary,register_jobs
3311,955,"2014-12-02 17:22:10","2014-12-02 18:52:10",28,2014-12-02,,register_jobs
12958,16900,"2012-09-11 20:39:58","2012-09-11 22:09:58",,2012-09-11,primary,register_jobs
2670,16959,"2003-05-14 12:14:16","2003-05-14 13:44:16",65,2003-05-14,,inspection
10494,18942,"2010-04-16 16:48:55","2010-04-16 18:18:55",88,2010-04-16,secondary,inspection
9002,4224,"2008-11-05 09:48:05","2008-11-05 11:18:05",85,2008-11-05,,register_jobs
1042,6674,"2012-05-01 21:44:13","2012-05-01 23:14:13",159,2012-05-01,,register_jobs
14398,2007,"2014-03-09 06:24:43","2014-03-09 07:54:43",154,2014-03-09,secondary,inspection
14924,13036,"2003-05-29 08:01:04","2003-05-29 09:31:04",197,2003-05-29,,inspection
11790,6406,"2011-09-03 07:44:35","2011-09-03 09:14:35",138,2011-09-03,,register_jobs
9237,10718,"2006-01-27 20:35:43","2006-01-27 22:05:43",94,2006-01-27,secondary,inspection
10760,12955,"2011-01-25 18:00:23","2011-01-25 19:30:23",197,2011-01-25,,inspection
3778,10721,"2006-12-24 10:49:49","2006-12-24 12:19:49",85,2006-12-24,secondary,register_jobs
16510,3576,"2015-08-13 01:39:36","2015-08-13 03:09:36",131,2015-08-13,secondary,register_jobs
9422,17203,"2007-08-25 05:57:21","2007-08-25 07:27:21",140,2007-08-25,,inspection
7164,9242,"2012-05-03 04:53:34","2012-05-03 06:23:34",61,2012-05-03,secondary,register_jobs
7889,17303,"2014-09-15 08:50:10","2014-09-15 10:20:10",120,2014-09-15,,register_jobs
11601,8566,"2006-08-22 06:48:44","2006-08-22 08:18:44",175,2006-08-22,,register_jobs
17172,5062,"2004-11-01 08:42:58","2004-11-01 10:12:58",69,2004-11-01,primary,register_jobs
16617,11826,"2010-06-26 14:02:14","2010-06-26 15:32:14",103,2010-06-26,primary,inspection
5795,2260,"2008-08-20 04:38:52","2008-08-20 06:08:52",184,2008-08-20,primary,inspection
7742,6619,"2005-08-29 20:04:54","2005-08-29 21:34:54",42,2005-08-29,secondary,inspection
4584,5811,"2007-09-02 18:46:46","2007-09-02 20:16:46",163,2007-09-02,,register_jobs
3582,5699,"2003-12-27 08:12:14","2003-12-27 09:42:14",73,2003-12-27,primary,inspection
1234,15280,"2008-05-26 19:02:39","2008-05-26 20:32:39",,2008-05-26,primary,register_jobs
16298,13092,"2012-09-21 20:42:59","2012-09-21 22:12:59",178,2012-09-21,secondary,register_jobs
18247,11807,"2012-10-08 05:27:38","2012-10-08 06:57:38",24,2012-10-08,,inspection
8545,14542,"2012-03-25 09:24:21","2012-03-25 10:54:21",207,2012-03-25,,inspection
5785,17736,"2006-08-26 22:04:50","2006-08-26 23:34:50",121,2006-08-26,primary,register_jobs
934,8748,"2008-05-31 22:24:51","2008-05-31 23:54:51",56,2008-05-31,,inspection
13384,15857,"2010-10-16 04:02:57","2010-10-16 05:32:57",64,2010-10-16,primary,inspection
6107,12051,"2008-12-14 07:20:22","2008-12-14 08:50:22",24,2008-12-14,primary,inspection
1681,3439,"2010-08-31 18:27:24","2010-08-31 19:57:24",76,2010-08-31,,register_jobs
5938,12883,"2004-05-24 13:36:45","2004-05-24 15:06:45",23,2004-05-24,secondary,register_jobs
5187,5633,"2008-10-18 20:58:06","2008-10-18 22:28:06",183,2008-10-18,primary,register_jobs
1537,396,"2013-04-07 12:59:39","2013-04-07 14:29:39",130,2013-04-07,,inspection
13479,17085,"2005-12-12 03:27:09","2005-12-12 04:57:09",178,2005-12-12,secondary,register_jobs
7051,6426,"2010-02-10 17:52:00","2010-02-10 19:22:00",149,2010-02-10,secondary,register_jobs
14367,12267,"2003-10-25 20:29:20","2003-10-25 21:59:20",153,2003-10-25,secondary,register_jobs
5546,13914,"2016-01-07 03:07:16","2016-01-07 04:37:16",63,2016-01-07,,register_jobs
16079,4392,"2009-12-30 10:10:46","2009-12-30 11:40:46",121,2009-12-30,primary,inspection
13166,5370,"2004-10-19 04:38:44","2004-10-19 06:08:44",23,2004-10-19,primary,register_jobs
2381,8438,"2006-10-15 02:43:15","2006-10-15 04:13:15",126,2006-10-15,secondary,register_jobs
15131,17020,"2015-02-02 08:35:26","2015-02-02 10:05:26",119,2015-02-02,primary,inspection
10081,66,"2016-03-20 05:12:39","2016-03-20 06:42:39",151,2016-03-20,secondary,register_jobs
6263,750,"2014-09-23 03:11:02","2014-09-23 04:41:02",40,2014-09-23,secondary,inspection
18608,5642,"2011-01-18 21:31:31","2011-01-18 23:01:31",183,2011-01-18,,inspection
6226,17408,"2015-01-03 05:12:24","2015-01-03 06:42:24",72,2015-01-03,secondary,inspection
14564,10927,"2008-05-13 13:27:32","2008-05-13 14:57:32",69,2008-05-13,primary,register_jobs
6542,12714,"2003-05-14 20:35:15","2003-05-14 22:05:15",22,2003-05-14,,register_jobs
16433,14534,"2005-03-10 19:39:57","2005-03-10 21:09:57",56,2005-03-10,,inspection
11467,12094,"2012-11-21 14:14:37","2012-11-21 15:44:37",15,2012-11-21,primary,inspection
7526,18065,"2014-02-27 23:06:22","2014-02-28 00:36:22",161,2014-02-27,secondary,inspection
2534,12938,"2009-01-19 14:08:17","2009-01-19 15:38:17",224,2009-01-19,primary,inspection
8141,6990,"2004-05-18 06:12:39","2004-05-18 07:42:39",159,2004-05-18,primary,register_jobs
11388,6390,"2005-06-30 07:04:21","2005-06-30 08:34:21",199,2005-06-30,secondary,register_jobs
10490,17929,"2010-05-15 14:45:26","2010-05-15 16:15:26",50,2010-05-15,primary,register_jobs
8042,15679,"2013-09-03 06:57:29","2013-09-03 08:27:29",161,2013-09-03,,inspection
11556,12213,"2011-01-26 11:41:49","2011-01-26 13:11:49",65,2011-01-26,primary,register_jobs
13246,9081,"2006-07-19 18:02:23","2006-07-19 19:32:23",127,2006-07-19,primary,inspection
12226,10424,"2015-12-07 02:50:50","2015-12-07 04:20:50",65,2015-12-07,primary,register_jobs
3680,17185,"2010-11-08 05:41:32","2010-11-08 07:11:32",119,2010-11-08,,register_jobs
3094,17159,"2015-11-01 02:26:04","2015-11-01 03:56:04",171,2015-11-01,secondary,register_jobs
9280,13750,"2007-01-06 21:49:15","2007-01-06 23:19:15",196,2007-01-06,secondary,register_jobs
1300,1495,"2015-05-30 20:37:54","2015-05-30 22:07:54",81,2015-05-30,primary,inspection
11043,4525,"2006-07-24 19:16:41","2006-07-24 20:46:41",167,2006-07-24,secondary,inspection
8752,20280,"2004-08-09 19:55:36","2004-08-09 21:25:36",22,2004-08-09,secondary,register_jobs
17025,9431,"2009-09-28 11:49:26","2009-09-28 13:19:26",90,2009-09-28,secondary,register_jobs
1690,16027,"2009-06-16 19:57:35","2009-06-16 21:27:35",55,2009-06-16,secondary,inspection
16066,12435,"2010-01-09 05:51:52","2010-01-09 07:21:52",127,2010-01-09,,register_jobs
10099,16377,"2004-12-09 13:12:04","2004-12-09 14:42:04",80,2004-12-09,,inspection
8491,4029,"2005-08-20 04:00:25","2005-08-20 05:30:25",55,2005-08-20,primary,register_jobs
17293,3334,"2009-12-06 05:36:59","2009-12-06 07:06:59",208,2009-12-06,primary,inspection
15593,17984,"2007-04-29 22:00:45","2007-04-29 23:30:45",50,2007-04-29,,inspection
10952,15648,"2013-03-14 00:53:00","2013-03-14 02:23:00",87,2013-03-14,,register_jobs
6594,12519,"2011-09-19 10:04:19","2011-09-19 11:34:19",114,2011-09-19,secondary,inspection
16037,8516,"2006-03-22 09:55:30","2006-03-22 11:25:30",94,2006-03-22,,inspection
11324,16388,"2011-04-08 22:48:54","2011-04-09 00:18:54",166,2011-04-08,primary,register_jobs
16380,2772,"2011-11-29 12:56:17","2011-11-29 14:26:17",134,2011-11-29,,register_jobs
15294,14969,"2010-02-04 15:32:48","2010-02-04 17:02:48",78,2010-02-04,,inspection
16153,6464,"2008-11-30 00:39:37","2008-11-30 02:09:37",39,2008-11-30,primary,register_jobs
12103,17224,"2003-07-25 21:52:37","2003-07-25 23:22:37",100,2003-07-25,,register_jobs
13015,12226,"2007-05-28 02:33:24","2007-05-28 04:03:24",54,2007-05-28,primary,register_jobs
3601,3068,"2008-10-12 02:36:07","2008-10-12 04:06:07",122,2008-10-12,secondary,register_jobs
6195,1764,"2012-10-19 07:33:27","2012-10-19 09:03:27",114,2012-10-19,primary,register_jobs
2678,4900,"2009-06-03 04:44:28","2009-06-03 06:14:28",171,2009-06-03,,inspection
4832,6738,"2013-07-12 20:09:47","2013-07-12 21:39:47",150,2013-07-12,secondary,register_jobs
1042,3017,"2012-04-17 19:01:32","2012-04-17 20:31:32",73,2012-04-17,,inspection
11692,15078,"2010-01-22 01:59:58","2010-01-22 03:29:58",143,2010-01-22,,inspection
16485,16687,"2014-10-27 03:05:25","2014-10-27 04:35:25",206,2014-10-27,primary,inspection
16456,12718,"2006-11-26 20:39:44","2006-11-26 22:09:44",119,2006-11-26,secondary,inspection
9457,1512,"2005-06-16 23:45:38","2005-06-17 01:15:38",108,2005-06-16,,inspection
16060,14759,"2015-03-17 23:46:22","2015-03-18 01:16:22",28,2015-03-17,,inspection
13546,12042,"2011-12-21 15:52:23","2011-12-21 17:22:23",102,2011-12-21,primary,inspection
6079,14090,"2003-04-16 04:08:25","2003-04-16 05:38:25",192,2003-04-16,,register_jobs
10461,2152,"2008-10-13 09:21:46","2008-10-13 10:51:46",39,2008-10-13,,inspection
5628,6623,"2015-03-21 17:52:27","2015-03-21 19:22:27",209,2015-03-21,secondary,inspection
12706,8677,"2012-10-26 12:11:02","2012-10-26 13:41:02",108,2012-10-26,secondary,inspection
8156,8095,"2009-04-13 05:12:36","2009-04-13 06:42:36",38,2009-04-13,secondary,inspection
16137,2459,"2014-08-30 08:38:15","2014-08-30 10:08:15",130,2014-08-30,secondary,register_jobs
4937,17883,"2013-04-11 05:52:42","2013-04-11 07:22:42",184,2013-04-11,,register_jobs
4964,6612,"2012-01-04 00:41:46","2012-01-04 02:11:46",209,2012-01-04,,register_jobs
17076,15244,"2009-09-27 07:33:33","2009-09-27 09:03:33",197,2009-09-27,primary,inspection
16696,18386,"2010-06-15 13:33:47","2010-06-15 15:03:47",201,2010-06-15,,inspection
15999,14705,"2012-12-10 20:46:04","2012-12-10 22:16:04",182,2012-12-10,primary,inspection
5565,15392,"2006-01-30 14:35:48","2006-01-30 16:05:48",51,2006-01-30,,register_jobs
14754,7578,"2005-10-05 17:16:36","2005-10-05 18:46:36",117,2005-10-05,secondary,inspection
6299,11116,"2011-03-04 23:37:19","2011-03-05 01:07:19",90,2011-03-04,,register_jobs
14470,18282,"2015-09-07 14:36:19","2015-09-07 16:06:19",197,2015-09-07,secondary,inspection
9336,16849,"2013-05-20 05:56:51","2013-05-20 07:26:51",120,2013-05-20,primary,register_jobs
10785,12905,"2004-06-11 18:47:03","2004-06-11 20:17:03",194,2004-06-11,secondary,inspection
17068,12297,"2003-06-21 16:14:00","2003-06-21 17:44:00",87,2003-06-21,primary,register_jobs
2529,14507,"2016-02-17 04:08:28","2016-02-17 05:38:28",120,2016-02-17,primary,inspection
8760,15297,"2010-07-10 02:54:51","2010-07-10 04:24:51",119,2010-07-10,primary,inspection
3736,928,"2009-11-13 12:47:00","2009-11-13 14:17:00",88,2009-11-13,secondary,register_jobs
14760,18681,"2013-06-08 09:33:02","2013-06-08 11:03:02",97,2013-06-08,secondary,inspection
13867,13667,"2006-04-05 22:30:04","2006-04-06 00:00:04",184,2006-04-05,,register_jobs
3479,5964,"2006-12-30 17:43:55","2006-12-30 19:13:55",28,2006-12-30,secondary,inspection
5350,5420,"2003-08-13 15:00:54","2003-08-13 16:30:54",181,2003-08-13,secondary,inspection
6139,15599,"2008-03-12 08:50:49","2008-03-12 10:20:49",94,2008-03-12,secondary,inspection
9271,7284,"2014-01-22 18:03:05","2014-01-22 19:33:05",176,2014-01-22,secondary,register_jobs
3982,16220,"2010-04-25 04:24:26","2010-04-25 05:54:26",63,2010-04-25,,register_jobs
6851,3633,"2008-11-06 19:31:46","2008-11-06 21:01:46",154,2008-11-06,primary,inspection
8522,2885,"2009-12-18 05:28:30","2009-12-18 06:58:30",167,2009-12-18,,inspection
12436,4617,"2008-09-15 18:59:28","2008-09-15 20:29:28",62,2008-09-15,,inspection
16841,8883,"2013-04-07 04:06:47","2013-04-07 05:36:47",44,2013-04-07,secondary,register_jobs
6214,11023,"2005-09-02 18:48:15","2005-09-02 20:18:15",28,2005-09-02,primary,inspection
847,18015,"2003-11-09 14:54:29","2003-11-09 16:24:29",61,2003-11-09,secondary,register_jobs
5274,15353,"2004-04-13 20:55:12","2004-04-13 22:25:12",59,2004-04-13,,register_jobs
8858,14945,"2004-11-06 14:49:01","2004-11-06 16:19:01",80,2004-11-06,secondary,inspection
9133,16143,"2006-12-28 20:45:53","2006-12-28 22:15:53",155,2006-12-28,primary,inspection
14526,17493,"2004-04-07 07:30:42","2004-04-07 09:00:42",139,2004-04-07,secondary,register_jobs
16365,10019,"2006-03-25 01:51:46","2006-03-25 03:21:46",55,2006-03-25,,register_jobs
5157,9850,"2010-03-26 21:46:20","2010-03-26 23:16:20",78,2010-03-26,primary,inspection
11223,19925,"2008-10-29 08:21:26","2008-10-29 09:51:26",58,2008-10-29,secondary,inspection
5598,4004,"2004-06-19 19:29:53","2004-06-19 20:59:53",205,2004-06-19,,inspection
2536,11970,"2010-07-06 06:47:35","2010-07-06 08:17:35",106,2010-07-06,secondary,register_jobs
18049,7971,"2015-12-14 01:03:55","2015-12-14 02:33:55",103,2015-12-14,,inspection
13101,15045,"2012-03-18 12:55:39","2012-03-18 14:25:39",51,2012-03-18,,register_jobs
9489,16506,"2012-04-11 11:53:37","2012-04-11 13:23:37",149,2012-04-11,secondary,inspection
14943,2750,"2008-03-24 03:48:24","2008-03-24 05:18:24",125,2008-03-24,secondary,register_jobs
6892,4558,"2008-01-13 21:06:41","2008-01-13 22:36:41",208,2008-01-13,secondary,inspection
14644,18097,"2008-11-04 02:05:35","2008-11-04 03:35:35",177,2008-11-04,,register_jobs
17213,16369,"2007-09-02 06:57:06","2007-09-02 08:27:06",46,2007-09-02,,inspection
15185,8935,"2008-02-25 16:56:17","2008-02-25 18:26:17",63,2008-02-25,primary,register_jobs
16496,19103,"2004-03-27 10:34:41","2004-03-27 12:04:41",58,2004-03-27,primary,inspection
15883,2907,"2007-06-01 08:38:43","2007-06-01 10:08:43",122,2007-06-01,secondary,inspection
6180,15006,"2009-12-07 16:14:33","2009-12-07 17:44:33",105,2009-12-07,,register_jobs
9059,714,"2011-02-07 08:18:12","2011-02-07 09:48:12",103,2011-02-07,primary,register_jobs
268,631,"2008-03-17 16:12:05","2008-03-17 17:42:05",177,2008-03-17,,inspection
6793,10068,"2015-12-30 01:28:20","2015-12-30 02:58:20",206,2015-12-30,primary,register_jobs
15858,17103,"2012-10-16 18:52:09","2012-10-16 20:22:09",183,2012-10-16,primary,inspection
17076,1845,"2014-01-11 23:33:17","2014-01-12 01:03:17",131,2014-01-11,primary,register_jobs
1707,13493,"2011-12-03 16:02:08","2011-12-03 17:32:08",151,2011-12-03,primary,register_jobs
16178,6546,"2014-10-30 14:28:58","2014-10-30 15:58:58",197,2014-10-30,secondary,inspection
12872,17293,"2009-06-25 16:06:09","2009-06-25 17:36:09",208,2009-06-25,secondary,register_jobs
7881,7441,"2016-03-05 20:38:08","2016-03-05 22:08:08",188,2016-03-05,,inspection
2569,14758,"2011-10-09 21:09:59","2011-10-09 22:39:59",156,2011-10-09,secondary,register_jobs
7424,5383,"2015-08-29 14:23:08","2015-08-29 15:53:08",139,2015-08-29,,inspection
17329,13323,"2015-08-22 17:06:33","2015-08-22 18:36:33",64,2015-08-22,secondary,register_jobs
7488,2880,"2013-12-05 15:41:13","2013-12-05 17:11:13",155,2013-12-05,primary,inspection
7040,4293,"2005-08-24 13:13:40","2005-08-24 14:43:40",122,2005-08-24,,register_jobs
16216,11586,"2007-09-21 09:16:23","2007-09-21 10:46:23",44,2007-09-21,primary,register_jobs
11118,13246,"2007-05-05 04:25:49","2007-05-05 05:55:49",125,2007-05-05,,inspection
4281,14417,"2007-09-29 11:46:35","2007-09-29 13:16:35",23,2007-09-29,primary,inspection
5669,664,"2009-01-14 12:29:01","2009-01-14 13:59:01",125,2009-01-14,,register_jobs
4486,14764,"2008-01-05 03:17:06","2008-01-05 04:47:06",126,2008-01-05,secondary,register_jobs
2891,17603,"2003-11-07 10:07:56","2003-11-07 11:37:56",139,2003-11-07,,inspection
10537,3911,"2015-07-05 02:09:28","2015-07-05 03:39:28",134,2015-07-05,,register_jobs
9521,12464,"2008-02-17 21:36:41","2008-02-17 23:06:41",46,2008-02-17,primary,register_jobs
265,7773,"2013-05-05 15:21:14","2013-05-05 16:51:14",176,2013-05-05,primary,register_jobs
16958,11856,"2005-11-09 13:46:20","2005-11-09 15:16:20",208,2005-11-09,primary,register_jobs
11142,9873,"2016-04-05 08:59:46","2016-04-05 10:29:46",197,2016-04-05,,inspection
4158,6228,"2009-09-22 03:23:14","2009-09-22 04:53:14",149,2009-09-22,secondary,register_jobs
4247,18107,"2004-08-23 10:32:32","2004-08-23 12:02:32",161,2004-08-23,,inspection
2653,10221,"2014-04-06 09:49:32","2014-04-06 11:19:32",59,2014-04-06,secondary,register_jobs
3114,888,"2011-01-05 02:09:13","2011-01-05 03:39:13",55,2011-01-05,,inspection
2716,4016,"2010-06-14 08:54:50","2010-06-14 10:24:50",24,2010-06-14,,register_jobs
10094,12509,"2013-04-01 00:26:33","2013-04-01 01:56:33",34,2013-04-01,,register_jobs
6951,12652,"2009-10-22 03:10:15","2009-10-22 04:40:15",103,2009-10-22,,inspection
16986,1826,"2015-11-20 09:49:13","2015-11-20 11:19:13",105,2015-11-20,,inspection
14080,2999,"2010-06-05 07:19:07","2010-06-05 08:49:07",130,2010-06-05,secondary,register_jobs
10047,7447,"2005-06-23 10:12:45","2005-06-23 11:42:45",83,2005-06-23,primary,register_jobs
6919,17759,"2013-11-22 14:25:21","2013-11-22 15:55:21",100,2013-11-22,primary,register_jobs
16550,10616,"2014-12-24 01:11:42","2014-12-24 02:41:42",121,2014-12-24,primary,inspection
7155,11880,"2009-11-19 00:59:47","2009-11-19 02:29:47",127,2009-11-19,secondary,inspection
7722,11143,"2010-12-06 19:16:31","2010-12-06 20:46:31",155,2010-12-06,,inspection
4075,1725,"2015-12-13 00:00:26","2015-12-13 01:30:26",76,2015-12-13,primary,inspection
7433,257,"2012-08-14 23:52:46","2012-08-15 01:22:46",142,2012-08-14,secondary,register_jobs
13368,7629,"2014-01-01 16:35:35","2014-01-01 18:05:35",79,2014-01-01,,inspection
14447,3009,"2016-02-28 14:17:08","2016-02-28 15:47:08",126,2016-02-28,primary,inspection
18618,7838,"2007-10-25 15:40:49","2007-10-25 17:10:49",196,2007-10-25,secondary,register_jobs
12688,11272,"2009-01-09 16:34:46","2009-01-09 18:04:46",117,2009-01-09,,register_jobs
13608,10372,"2005-06-20 15:02:45","2005-06-20 16:32:45",55,2005-06-20,primary,register_jobs
4966,2002,"2011-05-26 04:59:33","2011-05-26 06:29:33",224,2011-05-26,primary,register_jobs
10751,3769,"2013-02-13 15:06:19","2013-02-13 16:36:19",188,2013-02-13,,inspection
9903,11426,"2014-07-16 11:07:53","2014-07-16 12:37:53",62,2014-07-16,primary,register_jobs
16067,20248,"2011-03-21 07:54:27","2011-03-21 09:24:27",53,2011-03-21,primary,register_jobs
11303,14959,"2007-02-15 16:28:46","2007-02-15 17:58:46",177,2007-02-15,secondary,register_jobs
8466,8885,"2005-04-23 04:57:57","2005-04-23 06:27:57",64,2005-04-23,primary,register_jobs
4349,11974,"2011-06-28 11:59:33","2011-06-28 13:29:33",176,2011-06-28,,inspection
17077,6438,"2008-03-13 19:16:54","2008-03-13 20:46:54",206,2008-03-13,,inspection
14840,12807,"2006-06-20 21:14:58","2006-06-20 22:44:58",64,2006-06-20,,register_jobs
6291,13595,"2006-09-29 21:29:04","2006-09-29 22:59:04",29,2006-09-29,,inspection
6232,18154,"2006-04-22 23:39:54","2006-04-23 01:09:54",145,2006-04-22,primary,register_jobs
4573,11988,"2012-04-14 20:39:03","2012-04-14 22:09:03",69,2012-04-14,,inspection
8100,13024,"2003-12-17 05:09:56","2003-12-17 06:39:56",81,2003-12-17,primary,inspection
11832,13614,"2004-08-29 06:00:57","2004-08-29 07:30:57",167,2004-08-29,secondary,inspection
4028,503,"2014-06-10 16:57:14","2014-06-10 18:27:14",122,2014-06-10,,register_jobs
9264,9784,"2003-12-08 15:51:24","2003-12-08 17:21:24",22,2003-12-08,,register_jobs
15540,5707,"2008-09-06 13:56:37","2008-09-06 15:26:37",22,2008-09-06,,register_jobs
5033,14105,"2012-09-23 04:39:07","2012-09-23 06:09:07",87,2012-09-23,primary,register_jobs
13400,14662,"2006-08-11 22:17:55","2006-08-11 23:47:55",207,2006-08-11,primary,inspection
7357,16221,"2012-01-04 02:48:16","2012-01-04 04:18:16",150,2012-01-04,secondary,register_jobs
931,11702,"2014-07-10 11:17:05","2014-07-10 12:47:05",78,2014-07-10,,inspection
8778,12380,"2008-05-07 09:41:20","2008-05-07 11:11:20",145,2008-05-07,primary,inspection
4743,816,"2016-01-13 03:54:02","2016-01-13 05:24:02",151,2016-01-13,primary,inspection
15968,8340,"2013-11-27 14:52:10","2013-11-27 16:22:10",125,2013-11-27,secondary,inspection
10124,6362,"2006-03-29 13:39:43","2006-03-29 15:09:43",40,2006-03-29,,register_jobs
2743,5163,"2005-06-21 18:33:51","2005-06-21 20:03:51",166,2005-06-21,primary,register_jobs
15398,14394,"2010-01-19 10:07:41","2010-01-19 11:37:41",49,2010-01-19,primary,register_jobs
9652,9563,"2015-09-14 06:52:26","2015-09-14 08:22:26",224,2015-09-14,,register_jobs
1590,19126,"2011-09-05 21:46:38","2011-09-05 23:16:38",28,2011-09-05,primary,inspection
15518,8319,"2015-11-19 15:50:42","2015-11-19 17:20:42",65,2015-11-19,secondary,inspection
3355,14590,"2009-09-06 22:52:45","2009-09-07 00:22:45",159,2009-09-06,secondary,register_jobs
8532,1737,"2003-05-19 04:55:17","2003-05-19 06:25:17",166,2003-05-19,primary,inspection
10431,2920,"2003-03-04 17:27:11","2003-03-04 18:57:11",105,2003-03-04,primary,register_jobs
4478,8289,"2010-07-26 07:24:12","2010-07-26 08:54:12",122,2010-07-26,,register_jobs
4827,16920,"2008-06-03 23:46:29","2008-06-04 01:16:29",175,2008-06-03,primary,inspection
147,20223,"2008-12-17 02:28:18","2008-12-17 03:58:18",56,2008-12-17,secondary,inspection
14005,7589,"2008-07-27 00:46:37","2008-07-27 02:16:37",107,2008-07-27,primary,inspection
10435,10759,"2004-05-24 08:23:05","2004-05-24 09:53:05",61,2004-05-24,,register_jobs
11221,6440,"2010-10-04 20:21:30","2010-10-04 21:51:30",208,2010-10-04,,inspection
10622,15266,"2016-04-10 17:57:49","2016-04-10 19:27:49",187,2016-04-10,primary,register_jobs
14863,6133,"2012-10-06 11:23:44","2012-10-06 12:53:44",155,2012-10-06,,register_jobs
8547,15655,"2011-07-20 11:01:45","2011-07-20 12:31:45",,2011-07-20,secondary,register_jobs
1682,17655,"2015-12-26 15:24:47","2015-12-26 16:54:47",109,2015-12-26,,inspection
15468,11603,"2010-12-25 23:12:41","2010-12-26 00:42:41",192,2010-12-25,secondary,inspection
15111,6815,"2009-03-16 11:51:06","2009-03-16 13:21:06",64,2009-03-16,secondary,inspection
8764,10679,"2010-05-22 22:54:40","2010-05-23 00:24:40",182,2010-05-22,,inspection
14996,208,"2014-11-10 21:12:41","2014-11-10 22:42:41",151,2014-11-10,secondary,inspection
14717,76,"2004-01-19 20:58:57","2004-01-19 22:28:57",15,2004-01-19,,register_jobs
16484,3328,"2016-01-25 15:26:21","2016-01-25 16:56:21",123,2016-01-25,secondary,inspection
5945,15966,"2007-03-11 10:12:14","2007-03-11 11:42:14",138,2007-03-11,primary,inspection
2788,568,"2007-07-06 16:32:12","2007-07-06 18:02:12",184,2007-07-06,secondary,register_jobs
15349,1191,"2008-09-08 12:06:09","2008-09-08 13:36:09",94,2008-09-08,primary,inspection
11838,13895,"2008-03-22 13:11:41","2008-03-22 14:41:41",87,2008-03-22,primary,register_jobs
11724,18385,"2012-01-23 23:34:37","2012-01-24 01:04:37",178,2012-01-23,,inspection
9738,2234,"2013-12-24 01:02:16","2013-12-24 02:32:16",142,2013-12-24,,inspection
9356,14905,"2006-01-08 10:44:11","2006-01-08 12:14:11",63,2006-01-08,primary,inspection
14318,11880,"2009-04-28 04:32:13","2009-04-28 06:02:13",119,2009-04-28,,register_jobs
11471,15550,"2008-09-09 06:31:59","2008-09-09 08:01:59",47,2008-09-09,,register_jobs
12766,2589,"2005-06-22 00:08:05","2005-06-22 01:38:05",49,2005-06-22,primary,register_jobs
7030,15993,"2015-09-29 13:12:49","2015-09-29 14:42:49",29,2015-09-29,,inspection
5169,10069,"2012-07-09 18:08:48","2012-07-09 19:38:48",107,2012-07-09,primary,inspection
17524,12868,"2006-01-21 02:58:56","2006-01-21 04:28:56",178,2006-01-21,primary,inspection
16677,10404,"2016-03-10 05:43:53","2016-03-10 07:13:53",175,2016-03-10,,inspection
5486,5043,"2006-08-24 01:09:54","2006-08-24 02:39:54",85,2006-08-24,primary,inspection
